{"VidCatText": {"01": {"total_time_taken": 9.456547975540161, "total_frames": 101, "individual_fps": [10.807036303302974, 10.820199518118104, 10.201770638834455], "average_fps": 10.680430138063235, "vsr_time": [[40, 1650426047.1829622, 1650426048.8747435, 1.6917812824249268], [40, 1650426056.5036757, 1650426058.1887715, 1.6850957870483398], [21, 1650426065.921022, 1650426066.926746, 1.0057239532470703]], "vi_time": [[40, 1650426048.8747444, 1650426050.884252, 2.009507656097412], [40, 1650426058.1887727, 1650426060.200463, 2.011690378189087], [21, 1650426066.926747, 1650426067.9794862, 1.052739143371582]], "input_resolution": 27270, "PSNR": 38.60967807903474, "LPIPS": 0.03295810520648956, "tOF": 0.0863918885588646}, "vid2": {"total_time_taken": 2.743619918823242, "total_frames": 90, "individual_fps": [32.133895316521595, 34.634716515904266, 29.07671147788278], "average_fps": 32.80337753146275, "vsr_time": [[40, 1650426245.538089, 1650426245.98529, 0.4472010135650635], [40, 1650426248.4294298, 1650426248.8598936, 0.4304637908935547], [10, 1650426251.2359185, 1650426251.4236155, 0.1876969337463379]], "vi_time": [[40, 1650426245.985291, 1650426246.7828789, 0.7975878715515137], [40, 1650426248.8598943, 1650426249.5843387, 0.7244443893432617], [10, 1650426251.4236164, 1650426251.5798345, 0.1562180519104004]], "input_resolution": 14040, "PSNR": 34.75621747875695, "LPIPS": 0.04420095682144165, "tOF": 0.32447153329849243}}}