{"VidCatAnimation": {"01": {"total_time_taken": 17.765453338623047, "total_frames": 97, "individual_fps": [4.88792699033842, 12.155040282025318], "average_fps": 5.460035167755433, "vsr_time": [[80, 1650405644.120588, 1650405655.2425075, 11.121919393539429], [17, 1650405669.8120031, 1650405670.5293822, 0.717379093170166]], "vi_time": [[80, 1650405655.2425091, 1650405660.4874434, 5.244934320449829], [17, 1650405670.5293837, 1650405671.2105975, 0.6812138557434082]], "input_resolution": 19788, "PSNR": 33.1225279274011, "LPIPS": 0.08367738872766495, "tOF": 2.274385452270508}, "02": {"total_time_taken": 8.923105478286743, "total_frames": 96, "individual_fps": [11.072358684629698, 9.423371986990443], "average_fps": 10.758586260534962, "vsr_time": [[80, 1650405794.6665218, 1650405797.6510887, 2.9845669269561768], [16, 1650405812.6732554, 1650405813.6126008, 0.9393453598022461]], "vi_time": [[80, 1650405797.6510897, 1650405801.891719, 4.240629434585571], [16, 1650405813.6126018, 1650405814.37116, 0.7585582733154297]], "input_resolution": 25920, "PSNR": 34.99727666214095, "LPIPS": 0.0411706268787384, "tOF": 1.0574828386306763}, "03": {"total_time_taken": 8.870214462280273, "total_frames": 96, "individual_fps": [11.114622934298863, 9.566577794301269], "average_fps": 10.822737196291103, "vsr_time": [[80, 1650405972.3370554, 1650405975.311934, 2.9748785495758057], [16, 1650405991.3808892, 1650405992.298331, 0.9174418449401855]], "vi_time": [[80, 1650405975.311935, 1650405979.534779, 4.222844123840332], [16, 1650405992.2983325, 1650405993.0533764, 0.7550439834594727]], "input_resolution": 25920, "PSNR": 32.762738227384446, "LPIPS": 0.04411086440086365, "tOF": 1.3451945781707764}, "04": {"total_time_taken": 9.318073749542236, "total_frames": 101, "individual_fps": [11.104395594940268, 9.93509326291269], "average_fps": 10.839150098480577, "vsr_time": [[80, 1650406153.7928386, 1650406156.7827065, 2.989867925643921], [21, 1650406172.3593647, 1650406173.3930984, 1.033733606338501]], "vi_time": [[80, 1650406156.7827077, 1650406160.9971914, 4.214483737945557], [21, 1650406173.3930995, 1650406174.4730825, 1.0799829959869385]], "input_resolution": 27270, "PSNR": 35.446987541366134, "LPIPS": 0.030118731781840324, "tOF": 0.5922567844390869}, "05": {"total_time_taken": 9.588085174560547, "total_frames": 101, "individual_fps": [10.81371740775643, 9.5887161942891], "average_fps": 10.533907256891798, "vsr_time": [[80, 1650406343.7325418, 1650406346.821714, 3.089172124862671], [21, 1650406363.836694, 1650406364.9309242, 1.0942301750183105]], "vi_time": [[80, 1650406346.821715, 1650406351.1305504, 4.30883526802063], [21, 1650406364.9309258, 1650406366.0267665, 1.0958406925201416]], "input_resolution": 27270, "PSNR": 36.60039232440518, "LPIPS": 0.026139630004763603, "tOF": 1.3372136354446411}, "06": {"total_time_taken": 2.8833699226379395, "total_frames": 97, "individual_fps": [34.138761279691586, 31.48191459817307], "average_fps": 33.641191592668264, "vsr_time": [[80, 1650406548.8967543, 1650406549.5917468, 0.6949925422668457], [17, 1650406554.1768548, 1650406554.3947897, 0.21793484687805176]], "vi_time": [[80, 1650406549.5917478, 1650406551.2401297, 1.6483819484710693], [17, 1650406554.394791, 1650406554.7168455, 0.3220546245574951]], "input_resolution": 9894, "PSNR": 33.2578638965205, "LPIPS": 0.0899399071931839, "tOF": 2.3561058044433594}, "07": {"total_time_taken": 3.1340932846069336, "total_frames": 96, "individual_fps": [31.173760493392685, 28.177324910083797], "average_fps": 30.630868733710958, "vsr_time": [[80, 1650406589.3921597, 1650406590.258424, 0.8662643432617188], [16, 1650406595.3823957, 1650406595.6560678, 0.27367210388183594]], "vi_time": [[80, 1650406590.258425, 1650406591.9584188, 1.6999938488006592], [16, 1650406595.6560686, 1650406595.9502265, 0.2941579818725586]], "input_resolution": 12960, "PSNR": 35.10156231385488, "LPIPS": 0.05907498672604561, "tOF": 0.925104022026062}, "08": {"total_time_taken": 2.36108136177063, "total_frames": 96, "individual_fps": [40.41930787915802, 41.90354590798173], "average_fps": 40.65933582568597, "vsr_time": [[80, 1650406641.0891874, 1650406641.558672, 0.4694845676422119], [16, 1650406644.9798322, 1650406645.1269734, 0.1471412181854248]], "vi_time": [[80, 1650406641.5586731, 1650406643.0684376, 1.5097644329071045], [16, 1650406645.1269739, 1650406645.3616598, 0.23468589782714844]], "input_resolution": 8640, "PSNR": 31.772297086918226, "LPIPS": 0.07634139806032181, "tOF": 1.2914570569992065}, "09": {"total_time_taken": 2.487532138824463, "total_frames": 101, "individual_fps": [41.064093868808555, 38.93516845310295], "average_fps": 40.60249048590372, "vsr_time": [[80, 1650406667.7297423, 1650406668.1090496, 0.37930727005004883], [21, 1650406670.9901915, 1650406671.1241403, 0.13394880294799805]], "vi_time": [[80, 1650406668.109051, 1650406669.6779149, 1.568863868713379], [21, 1650406671.124141, 1650406671.5295477, 0.4054067134857178]], "input_resolution": 6868, "PSNR": 32.45157517288589, "LPIPS": 0.063762366771698, "tOF": 0.22937346994876862}}}