{"VidCatText": {"01": {"total_time_taken": 9.222441911697388, "total_frames": 101, "individual_fps": [11.086849726230081, 10.75938964844972], "average_fps": 10.95154634391305, "vsr_time": [[60, 1650426557.999786, 1650426560.3425841, 2.3427982330322266], [41, 1650426572.1619022, 1650426573.846596, 1.6846938133239746]], "vi_time": [[60, 1650426560.342585, 1650426563.4116008, 3.0690157413482666], [41, 1650426573.846598, 1650426575.9725254, 2.125927448272705]], "input_resolution": 27270, "PSNR": 38.54255113627627, "LPIPS": 0.03498987853527069, "tOF": 0.08718755096197128}, "vid2": {"total_time_taken": 2.659254312515259, "total_frames": 90, "individual_fps": [34.559063990194964, 32.49932201130962], "average_fps": 33.84407409867971, "vsr_time": [[60, 1650426746.4135396, 1650426747.0336497, 0.620110034942627], [30, 1650426750.7944584, 1650426751.1726203, 0.3781619071960449]], "vi_time": [[60, 1650426747.0336535, 1650426748.1496954, 1.116041898727417], [30, 1650426751.1726215, 1650426751.717553, 0.5449314117431641]], "input_resolution": 14040, "PSNR": 34.75912150281941, "LPIPS": 0.04407883062958717, "tOF": 0.32720276713371277}}}