{"Experiment1": {"01": {"total_time_taken": 10.767267942428589, "total_frames": 1200, "individual_fps": [21.953390896179346, 16.097452764654182], "average_fps": 111.44888437960952, "vsr_time": [[100, 1650915798.1202, 1650915799.7883599, 1.6681599617004395], [100, 1650915802.683056, 1650915805.4659858, 2.7829296588897705]], "vi_time": [[100, 1650915799.7883606, 1650915802.6753025, 2.886941909790039], [100, 1650915805.4659867, 1650915808.8952153, 3.4292285442352295]], "input_resolution": 216000}}}