{"VidCatText": {"01": {"total_time_taken": 9.003539562225342, "total_frames": 101, "individual_fps": [11.060431250663209, 11.361550953296142, 12.178406236843252], "average_fps": 11.21781042910601, "vsr_time": [[50, 1650426310.317943, 1650426312.2956278, 1.977684736251831], [50, 1650426322.0302882, 1650426323.8962376, 1.8659493923187256], [1, 1650426333.6009507, 1650426333.6829836, 0.08203291893005371]], "vi_time": [[50, 1650426312.2956288, 1650426314.83856, 2.542931318283081], [50, 1650426323.896239, 1650426326.4310935, 2.5348544120788574], [1, 1650426333.682985, 1650426333.6830616, 7.653236389160156e-05]], "input_resolution": 27270, "PSNR": 38.54895324316273, "LPIPS": 0.03455096110701561, "tOF": 0.08664259314537048}, "vid2": {"total_time_taken": 2.7210633754730225, "total_frames": 90, "individual_fps": [32.60905125578508, 33.677212380898276], "average_fps": 33.07530460746973, "vsr_time": [[50, 1650426492.5069134, 1650426493.0453122, 0.5383987426757812], [40, 1650426496.1075559, 1650426496.5673141, 0.45975828170776367]], "vi_time": [[50, 1650426493.0453134, 1650426494.0402286, 0.994915246963501], [40, 1650426496.567315, 1650426497.2953012, 0.7279860973358154]], "input_resolution": 14040, "PSNR": 34.777995246083464, "LPIPS": 0.043921515345573425, "tOF": 0.3245637118816376}}}