{"VidCatText": {"01": {"total_time_taken": 9.103735446929932, "total_frames": 101, "individual_fps": [11.405710770004733, 10.049264226612202], "average_fps": 11.094346995118405, "vsr_time": [[80, 1650426811.7589903, 1650426814.6447244, 2.8857340812683105], [21, 1650426830.2173173, 1650426831.2517107, 1.034393310546875]], "vi_time": [[80, 1650426814.6447253, 1650426818.7730186, 4.12829327583313], [21, 1650426831.2517123, 1650426832.3070204, 1.0553081035614014]], "input_resolution": 27270, "PSNR": 38.46908148254134, "LPIPS": 0.041827961802482605, "tOF": 0.08721187710762024}, "vid2": {"total_time_taken": 2.6371119022369385, "total_frames": 90, "individual_fps": [35.14357527283209, 27.721130046562042], "average_fps": 34.12824458592645, "vsr_time": [[80, 1650426993.253945, 1650426994.0240443, 0.7700991630554199], [10, 1650426999.0125575, 1650426999.2204776, 0.20792007446289062]], "vi_time": [[80, 1650426994.024045, 1650426995.53032, 1.506274938583374], [10, 1650426999.2204785, 1650426999.3732915, 0.15281295776367188]], "input_resolution": 14040, "PSNR": 34.791721790210175, "LPIPS": 0.04379822313785553, "tOF": 0.32647669315338135}}}