{"Experiment1": {"01": {"total_time_taken": 16.58068060874939, "total_frames": 1200, "individual_fps": [23.688192678693323, 24.577102609466678], "average_fps": 72.37338613028811, "vsr_time": [[200, 1650915864.2564087, 1650915867.4284935, 3.1720848083496094], [200, 1650915872.7158284, 1650915875.5825043, 2.866675853729248]], "vi_time": [[200, 1650915867.4284947, 1650915872.699432, 5.270937204360962], [200, 1650915875.582505, 1650915880.8534825, 5.27097749710083]], "input_resolution": 216000}}}