{"VidCatAnimation": {"01": {"total_time_taken": 18.97098398208618, "total_frames": 97, "individual_fps": [5.113071630422262], "average_fps": 5.113071630422262, "vsr_time": [[97, 1650406727.7013142, 1650406740.512329, 12.811014890670776]], "vi_time": [[97, 1650406740.5123308, 1650406746.6722956, 6.1599647998809814]], "input_resolution": 19788, "PSNR": 33.02232592430037, "LPIPS": 0.08466751873493195, "tOF": 2.32104229927063}, "02": {"total_time_taken": 9.394849061965942, "total_frames": 96, "individual_fps": [10.218365336878684], "average_fps": 10.218365336878684, "vsr_time": [[96, 1650406902.7500403, 1650406906.873003, 4.122962713241577]], "vi_time": [[96, 1650406906.8730042, 1650406912.1448872, 5.271883010864258]], "input_resolution": 25920, "PSNR": 34.95122343691514, "LPIPS": 0.041203778237104416, "tOF": 1.0583932399749756}, "03": {"total_time_taken": 8.51517915725708, "total_frames": 96, "individual_fps": [11.27398475441163], "average_fps": 11.27398475441163, "vsr_time": [[96, 1650407105.4697702, 1650407108.9036596, 3.433889389038086]], "vi_time": [[96, 1650407108.9036605, 1650407113.9849474, 5.081286907196045]], "input_resolution": 25920, "PSNR": 32.63781685142154, "LPIPS": 0.044429827481508255, "tOF": 1.3724054098129272}, "04": {"total_time_taken": 8.940865516662598, "total_frames": 101, "individual_fps": [11.285588564959529, 12.498857185427998], "average_fps": 11.296445496442361, "vsr_time": [[100, 1650407284.5289595, 1650407288.115616, 3.5866565704345703], [1, 1650407307.4681592, 1650407307.5480313, 0.07987213134765625]], "vi_time": [[100, 1650407288.1156173, 1650407293.389816, 5.274198770523071], [1, 1650407307.5480323, 1650407307.548165, 0.0001327991485595703]], "input_resolution": 27270, "PSNR": 35.40696076933783, "LPIPS": 0.029702961444854736, "tOF": 0.5923607349395752}, "05": {"total_time_taken": 8.90102505683899, "total_frames": 101, "individual_fps": [11.347098073673472, 11.337979207101807], "average_fps": 11.347007715970639, "vsr_time": [[100, 1650407468.965866, 1650407472.5076075, 3.541741371154785], [1, 1650407492.1999896, 1650407492.2879028, 0.08791327476501465]], "vi_time": [[100, 1650407472.507609, 1650407477.77869, 5.271081209182739], [1, 1650407492.2879035, 1650407492.2881863, 0.0002827644348144531]], "input_resolution": 27270, "PSNR": 36.58439301685169, "LPIPS": 0.026072176173329353, "tOF": 1.326230764389038}, "06": {"total_time_taken": 2.5049047470092773, "total_frames": 97, "individual_fps": [38.72402737701417], "average_fps": 38.72402737701417, "vsr_time": [[97, 1650407653.2192628, 1650407653.9842076, 0.7649447917938232]], "vi_time": [[97, 1650407653.9842086, 1650407655.724166, 1.739957332611084]], "input_resolution": 9894, "PSNR": 33.2044132846284, "LPIPS": 0.09064053744077682, "tOF": 2.383495569229126}, "07": {"total_time_taken": 2.749026298522949, "total_frames": 96, "individual_fps": [34.921455662894445], "average_fps": 34.921455662894445, "vsr_time": [[96, 1650407689.8762798, 1650407690.8342917, 0.9580118656158447]], "vi_time": [[96, 1650407690.8342924, 1650407692.6253045, 1.7910120487213135]], "input_resolution": 12960, "PSNR": 35.0818122829103, "LPIPS": 0.05902567505836487, "tOF": 0.9274488687515259}, "08": {"total_time_taken": 2.003293752670288, "total_frames": 96, "individual_fps": [47.92107990754572], "average_fps": 47.92107990754572, "vsr_time": [[96, 1650407736.711239, 1650407737.2305784, 0.5193393230438232]], "vi_time": [[96, 1650407737.2305796, 1650407738.7145314, 1.4839518070220947]], "input_resolution": 8640, "PSNR": 31.735668977500552, "LPIPS": 0.07610015571117401, "tOF": 1.3026158809661865}, "09": {"total_time_taken": 1.8786389827728271, "total_frames": 101, "individual_fps": [53.46625929536731, 120.474048542295], "average_fps": 53.76232523980013, "vsr_time": [[100, 1650407759.731167, 1650407760.1186886, 0.38752150535583496], [1, 1650407763.149039, 1650407763.1572354, 0.008196353912353516]], "vi_time": [[100, 1650407760.1186898, 1650407761.601493, 1.4828031063079834], [1, 1650407763.1572363, 1650407763.1573381, 0.00010180473327636719]], "input_resolution": 6868, "PSNR": 32.4781109669748, "LPIPS": 0.06463787704706192, "tOF": 0.22952955961227417}}}