{"VidCatText": {"01": {"total_time_taken": 8.804167032241821, "total_frames": 101, "individual_fps": [11.466946789103494, 11.983246384430338], "average_fps": 11.471840508037497, "vsr_time": [[100, 1650427060.587408, 1650427064.1225257, 3.5351176261901855], [1, 1650427083.9018216, 1650427083.9851425, 0.08332085609436035]], "vi_time": [[100, 1650427064.1225264, 1650427069.3081238, 5.1855974197387695], [1, 1650427083.985144, 1650427083.98527, 0.00012612342834472656]], "input_resolution": 27270, "PSNR": 38.28300542983513, "LPIPS": 0.05041158199310303, "tOF": 0.0879673957824707}, "vid2": {"total_time_taken": 2.574138641357422, "total_frames": 90, "individual_fps": [34.96315177201965], "average_fps": 34.96315177201965, "vsr_time": [[90, 1650427239.7812202, 1650427240.6679955, 0.8867752552032471]], "vi_time": [[90, 1650427240.6679962, 1650427242.3553574, 1.687361240386963]], "input_resolution": 14040, "PSNR": 34.7892318606038, "LPIPS": 0.04399736970663071, "tOF": 0.3260287940502167}}}