{"VidCatAnimation": {"01": {"total_time_taken": 13.46898627281189, "total_frames": 97, "individual_fps": [2.7646218384813266, 10.624652092561522, 13.1126765913326, 13.370707394319615, 12.769852880996169], "average_fps": 7.201729813609019, "vsr_time": [[20, 1650346336.3841813, 1650346340.88086, 4.496678829193115], [20, 1650346347.5131578, 1650346348.6642032, 1.151045322418213], [20, 1650346351.5796921, 1650346352.3680375, 0.7883453369140625], [20, 1650346355.239459, 1650346355.99773, 0.7582709789276123], [17, 1650346358.8726287, 1650346359.5483828, 0.6757540702819824]], "vi_time": [[20, 1650346340.8808606, 1650346343.6184423, 2.737581729888916], [20, 1650346348.6642046, 1650346349.3955703, 0.7313656806945801], [20, 1650346352.3680384, 1650346353.1049318, 0.7368934154510498], [20, 1650346355.997731, 1650346356.7352648, 0.7375338077545166], [17, 1650346359.5483835, 1650346360.2038877, 0.6555042266845703]], "input_resolution": 19788, "PSNR": 33.49798410384064, "LPIPS": 0.08011680096387863, "tOF": 2.1855597496032715}, "02": {"total_time_taken": 9.378022909164429, "total_frames": 96, "individual_fps": [10.21220191765603, 10.256486500761968, 10.287471557595241, 10.487266233612802, 9.88625298481946], "average_fps": 10.236699241391968, "vsr_time": [[20, 1650346484.6747541, 1650346485.699639, 1.0248849391937256], [20, 1650346489.272271, 1650346490.289769, 1.0174980163574219], [20, 1650346493.735649, 1650346494.7440138, 1.0083646774291992], [20, 1650346498.3711116, 1650346499.3463054, 0.9751937389373779], [16, 1650346502.8133566, 1650346503.7109523, 0.8975956439971924]], "vi_time": [[20, 1650346485.69964, 1650346486.6331935, 0.9335534572601318], [20, 1650346490.2897696, 1650346491.222254, 0.9324843883514404], [20, 1650346494.7440147, 1650346495.679759, 0.9357442855834961], [20, 1650346499.3463063, 1650346500.2781844, 0.9318780899047852], [16, 1650346503.7109535, 1650346504.4317636, 0.7208101749420166]], "input_resolution": 25920, "PSNR": 35.14364911773013, "LPIPS": 0.04053523764014244, "tOF": 1.0180330276489258}, "03": {"total_time_taken": 9.276144742965698, "total_frames": 96, "individual_fps": [10.304073425327905, 10.36095709135607, 10.443701906957942, 10.52660850430094, 10.063752273042875], "average_fps": 10.349126998346902, "vsr_time": [[20, 1650346661.8385837, 1650346662.851451, 1.0128672122955322], [20, 1650346666.776306, 1650346667.7756546, 0.9993486404418945], [20, 1650346671.673639, 1650346672.6551204, 0.9814813137054443], [20, 1650346676.5216577, 1650346677.487941, 0.9662833213806152], [16, 1650346681.3258293, 1650346682.1895185, 0.8636891841888428]], "vi_time": [[20, 1650346662.8514516, 1650346663.7795622, 0.9281105995178223], [20, 1650346667.7756555, 1650346668.7066276, 0.9309720993041992], [20, 1650346672.6551218, 1650346673.5886667, 0.9335448741912842], [20, 1650346677.4879422, 1650346678.4216027, 0.9336605072021484], [16, 1650346682.1895192, 1650346682.9156916, 0.7261724472045898]], "input_resolution": 25920, "PSNR": 33.147628570777094, "LPIPS": 0.04264688864350319, "tOF": 1.2782078981399536}, "04": {"total_time_taken": 9.650210618972778, "total_frames": 101, "individual_fps": [10.535721709310765, 10.441350326722866, 10.34630091665677, 10.371263840022117, 10.498756147766416, 14.286749778595272], "average_fps": 10.466092812671793, "vsr_time": [[20, 1650346842.6015058, 1650346843.5643344, 0.9628286361694336], [20, 1650346847.3087108, 1650346848.2906148, 0.9819040298461914], [20, 1650346852.1115413, 1650346853.1159854, 1.0044441223144531], [20, 1650346856.8555048, 1650346857.8531358, 0.9976310729980469], [20, 1650346861.5655408, 1650346862.533984, 0.9684431552886963], [1, 1650346866.4129198, 1650346866.4828606, 0.06994080543518066]], "vi_time": [[20, 1650346843.564335, 1650346844.4998078, 0.9354727268218994], [20, 1650346848.2906158, 1650346849.22417, 0.9335541725158691], [20, 1650346853.1159863, 1650346854.0445971, 0.9286108016967773], [20, 1650346857.8531368, 1650346858.783908, 0.9307711124420166], [20, 1650346862.5339851, 1650346863.4705267, 0.9365415573120117], [1, 1650346866.4828618, 1650346866.4829025, 4.076957702636719e-05]], "input_resolution": 27270, "PSNR": 35.71415240759763, "LPIPS": 0.02956901118159294, "tOF": 0.5733113884925842}, "05": {"total_time_taken": 9.622312545776367, "total_frames": 101, "individual_fps": [10.439501264957316, 10.521864462670596, 10.462747187560959, 10.388231388141358, 10.523415411195108, 14.623012317443495], "average_fps": 10.49643726697831, "vsr_time": [[20, 1650347033.6339676, 1650347034.6214867, 0.9875190258026123], [20, 1650347038.208096, 1650347039.1773043, 0.9692082405090332], [20, 1650347042.766707, 1650347043.741086, 0.9743790626525879], [20, 1650347047.3946862, 1650347048.3884861, 0.9937999248504639], [20, 1650347052.092933, 1650347053.0633583, 0.9704253673553467], [1, 1650347056.7686393, 1650347056.8369865, 0.06834721565246582]], "vi_time": [[20, 1650347034.6214874, 1650347035.5497663, 0.928278923034668], [20, 1650347039.177306, 1650347040.1088984, 0.9315924644470215], [20, 1650347043.741087, 1650347044.6782486, 0.9371616840362549], [20, 1650347048.3884869, 1650347049.3199399, 0.9314529895782471], [20, 1650347053.0633593, 1650347053.9934542, 0.9300949573516846], [1, 1650347056.8369875, 1650347056.8370235, 3.600120544433594e-05]], "input_resolution": 27270, "PSNR": 37.18949513765291, "LPIPS": 0.02438952960073948, "tOF": 1.241106629371643}, "06": {"total_time_taken": 2.5584700107574463, "total_frames": 97, "individual_fps": [36.274779266583, 38.46727194270865, 38.40255485747038, 39.29469541323425, 37.16439798435099], "average_fps": 37.913283951795364, "vsr_time": [[20, 1650347225.3649757, 1650347225.6019034, 0.23692774772644043], [20, 1650347226.5672295, 1650347226.7811546, 0.21392512321472168], [20, 1650347227.80529, 1650347228.0228155, 0.21752548217773438], [20, 1650347229.0289128, 1650347229.234687, 0.20577430725097656], [17, 1650347230.2269394, 1650347230.4156146, 0.1886751651763916]], "vi_time": [[20, 1650347225.601904, 1650347225.9163213, 0.31441736221313477], [20, 1650347226.7811553, 1650347227.0871499, 0.30599451065063477], [20, 1650347228.0228162, 1650347228.3260872, 0.3032710552215576], [20, 1650347229.2346878, 1650347229.5378857, 0.30319786071777344], [17, 1650347230.4156158, 1650347230.684365, 0.2687492370605469]], "input_resolution": 9894, "PSNR": 33.57396637249435, "LPIPS": 0.08697786927223206, "tOF": 2.2725324630737305}, "07": {"total_time_taken": 2.935959815979004, "total_frames": 96, "individual_fps": [31.710516218708076, 32.61213691595052, 33.32049546543627, 33.12816527181451, 32.78429610030767], "average_fps": 32.69799521012468, "vsr_time": [[20, 1650347260.1459827, 1650347260.4461384, 0.3001556396484375], [20, 1650347261.5640051, 1650347261.837146, 0.27314090728759766], [20, 1650347262.9500015, 1650347263.2213848, 0.27138328552246094], [20, 1650347264.3821251, 1650347264.649224, 0.26709890365600586], [16, 1650347265.7763107, 1650347266.008833, 0.23252224922180176]], "vi_time": [[20, 1650347260.4461396, 1650347260.776687, 0.3305473327636719], [20, 1650347261.837147, 1650347262.177272, 0.34012508392333984], [20, 1650347263.2213855, 1650347263.5502307, 0.3288452625274658], [20, 1650347264.6492248, 1650347264.9858391, 0.33661437034606934], [16, 1650347266.008834, 1650347266.2643476, 0.25551366806030273]], "input_resolution": 12960, "PSNR": 35.19515998280908, "LPIPS": 0.058649469166994095, "tOF": 0.9078346490859985}, "08": {"total_time_taken": 2.045197010040283, "total_frames": 96, "individual_fps": [44.65783441172306, 46.91895991538644, 47.924359498053285, 47.94260106908595, 47.53550277206585], "average_fps": 46.939243275203665, "vsr_time": [[20, 1650347304.4161289, 1650347304.5779884, 0.16185951232910156], [20, 1650347305.5038545, 1650347305.6534753, 0.14962077140808105], [20, 1650347306.544766, 1650347306.6888433, 0.14407730102539062], [20, 1650347307.6230009, 1650347307.7672646, 0.14426374435424805], [16, 1650347308.6536167, 1650347308.7784274, 0.12481069564819336]],