{"Experiment1": {"01": {"total_time_taken": 3.007866144180298, "total_frames": 1200, "individual_fps": [15.263809307191922, 4.250396482377941], "average_fps": 398.9539236384548, "vsr_time": [[10, 1650915619.3803163, 1650915619.794511, 0.41419482231140137], [10, 1650915620.037017, 1650915622.1103952, 2.073378086090088]], "vi_time": [[10, 1650915619.7945118, 1650915620.035459, 0.24094724655151367], [10, 1650915622.110398, 1650915622.3897367, 0.2793385982513428]], "input_resolution": 216000}}}