{"VidCatAnimation": {"01": {"total_time_taken": 12.940535068511963, "total_frames": 97, "individual_fps": [3.6583716925237892, 13.732821574879598, 14.21958318011455, 15.700292561056278], "average_fps": 7.495826060239877, "vsr_time": [[30, 1650347371.7011392, 1650347377.9390855, 6.237946271896362], [30, 1650347384.5312362, 1650347385.5672586, 1.036022424697876], [30, 1650347390.0063484, 1650347390.9702442, 0.9638957977294922], [7, 1650347395.4052634, 1650347395.7703135, 0.3650500774383545]], "vi_time": [[30, 1650347377.939087, 1650347379.901507, 1.9624199867248535], [30, 1650347385.5672598, 1650347386.7157815, 1.1485216617584229], [30, 1650347390.9702454, 1650347392.1161132, 1.1458678245544434], [7, 1650347395.7703147, 1650347395.8511128, 0.08079814910888672]], "input_resolution": 19788, "PSNR": 32.99155682509322, "LPIPS": 0.08523272722959518, "tOF": 2.345492124557495}, "02": {"total_time_taken": 8.793531656265259, "total_frames": 96, "individual_fps": [10.836712347737658, 11.01835515113676, 10.962349037954143, 10.604544150162003], "average_fps": 10.917115415352084, "vsr_time": [[30, 1650347515.654233, 1650347516.9607434, 1.3065104484558105], [30, 1650347522.4386308, 1650347523.7055502, 1.2669193744659424], [30, 1650347528.8887706, 1650347530.1719708, 1.2832002639770508], [6, 1650347535.4594467, 1650347535.9205055, 0.4610588550567627]], "vi_time": [[30, 1650347516.9607441, 1650347518.4225976, 1.4618535041809082], [30, 1650347523.7055511, 1650347525.1613586, 1.4558074474334717], [30, 1650347530.171972, 1650347531.625408, 1.4534358978271484], [6, 1650347535.9205065, 1650347536.025238, 0.10473155975341797]], "input_resolution": 25920, "PSNR": 34.451109843763845, "LPIPS": 0.052248451858758926, "tOF": 1.164718747138977}, "03": {"total_time_taken": 8.781335592269897, "total_frames": 96, "individual_fps": [11.098435244636079, 10.777426807330071, 10.911181511544358, 11.005480037941751], "average_fps": 10.932277782949969, "vsr_time": [[30, 1650347688.7528148, 1650347689.9992707, 1.2464559078216553], [30, 1650347695.6685116, 1650347696.968495, 1.299983263015747], [30, 1650347702.6511343, 1650347703.9510298, 1.2998955249786377], [6, 1650347709.5894718, 1650347710.0303493, 0.44087743759155273]], "vi_time": [[30, 1650347689.9992714, 1650347691.4558966, 1.45662522315979], [30, 1650347696.968496, 1650347698.452106, 1.483609914779663], [30, 1650347703.9510312, 1650347705.4006054, 1.4495742321014404], [6, 1650347710.0303504, 1650347710.1346514, 0.10430097579956055]], "input_resolution": 25920, "PSNR": 32.6110083344424, "LPIPS": 0.04637004807591438, "tOF": 1.3609365224838257}, "04": {"total_time_taken": 9.3991379737854, "total_frames": 101, "individual_fps": [11.018453565032754, 10.995799231013981, 11.015323513813854, 8.982235798236546], "average_fps": 10.745666281492339, "vsr_time": [[30, 1650347873.1123047, 1650347874.3870595, 1.2747547626495361], [30, 1650347880.706512, 1650347881.9862103, 1.279698371887207], [30, 1650347888.421878, 1650347889.6917205, 1.2698423862457275], [11, 1650347896.2500587, 1650347896.9540024, 0.7039437294006348]], "vi_time": [[30, 1650347874.3870604, 1650347875.835008, 1.4479475021362305], [30, 1650347881.9862115, 1650347883.4348245, 1.448612928390503], [30, 1650347889.6917214, 1650347891.1453552, 1.4536337852478027], [11, 1650347896.9540036, 1650347897.4746964, 0.5206928253173828]], "input_resolution": 27270, "PSNR": 35.73182278571534, "LPIPS": 0.02921605110168457, "tOF": 0.5792091488838196}, "05": {"total_time_taken": 9.36271071434021, "total_frames": 101, "individual_fps": [11.098467548728902, 10.972129827982345, 11.138240938752347, 8.928491131663348], "average_fps": 10.787474170840861, "vsr_time": [[30, 1650348058.6175375, 1650348059.8726537, 1.2551162242889404], [30, 1650348066.5765665, 1650348067.8647861, 1.288219690322876], [30, 1650348074.5137632, 1650348075.7496612, 1.2358980178833008], [11, 1650348082.2772386, 1650348082.993133, 0.7158944606781006]], "vi_time": [[30, 1650348059.872655, 1650348061.320612, 1.4479570388793945], [30, 1650348067.8647873, 1650348069.3107653, 1.4459779262542725], [30, 1650348075.7496624, 1650348077.2071803, 1.4575178623199463], [11, 1650348082.993134, 1650348083.5092478, 0.5161137580871582]], "input_resolution": 27270, "PSNR": 36.746526648897515, "LPIPS": 0.025594014674425125, "tOF": 1.2862803936004639}, "06": {"total_time_taken": 2.474294424057007, "total_frames": 97, "individual_fps": [38.65797544834256, 38.23067572120913, 38.95445426851921, 48.80851551941111], "average_fps": 39.20309525693097, "vsr_time": [[30, 1650348245.2389724, 1650348245.5426524, 0.3036799430847168], [30, 1650348247.7603784, 1650348248.0678337, 0.30745530128479004], [30, 1650348250.3305318, 1650348250.6281087, 0.297576904296875], [7, 1650348252.9780884, 1650348253.084599, 0.10651063919067383]], "vi_time": [[30, 1650348245.5426533, 1650348246.0150075, 0.4723541736602783], [30, 1650348248.0678344, 1650348248.5450864, 0.4772520065307617], [30, 1650348250.6281095, 1650348251.1006606, 0.4725511074066162], [7, 1650348253.0845995, 1650348253.121504, 0.03690457344055176]], "input_resolution": 9894, "PSNR": 33.16418914180361, "LPIPS": 0.09068652242422104, "tOF": 2.390092134475708}, "07": {"total_time_taken": 2.8896565437316895, "total_frames": 96, "individual_fps": [33.33290595143423, 33.03348946664573, 33.19814945999533, 33.74371172698054], "average_fps": 33.221941274732266, "vsr_time": [[30, 1650348283.427904, 1650348283.8081288, 0.38022494316101074], [30, 1650348286.3475835, 1650348286.7318087, 0.38422513008117676], [30, 1650348289.5685408, 1650348289.9508004, 0.3822596073150635], [6, 1650348292.716525, 1650348292.8530343, 0.13650918006896973]], "vi_time": [[30, 1650348283.8081295, 1650348284.3279142, 0.519784688949585], [30, 1650348286.7318099, 1650348287.2557511, 0.5239412784576416], [30, 1650348289.9508011, 1650348290.4722042, 0.5214030742645264], [6, 1650348292.8530352, 1650348292.8943343, 0.04129910469055176]], "input_resolution": 12960, "PSNR": 34.51586352592958, "LPIPS": 0.07095758616924286, "tOF": 1.0732141733169556}, "08": {"total_time_taken": 2.015471935272217, "total_frames": 96, "individual_fps": [45.96296052775769, 48.468742199802165, 47.31698805691766, 54.64725068076106], "average_fps": 47.63152407132571, "vsr_time": [[30, 1650348332.0409546, 1650348332.2502553, 0.20930075645446777], [30, 1650348334.252842, 1650348334.444764, 0.19192194938659668], [30, 1650348336.493769, 1650348336.6881163, 0.19434738159179688], [6, 1650348338.9146414, 1650348338.9921203, 0.07747888565063477]], "vi_time": [[30, 1650348332.250256, 1650348332.6936524, 0.44339632987976074], [30, 1650348334.4447646, 1650348334.871796, 0.4270312786102295], [30, 1650348336.688117, 1650348337.127789, 0.43967199325561523], [6, 1650348338.992121, 1650348339.0244343, 0.03231334686279297]], "input_resolution": 8640, "PSNR": 31.566279582626635, "LPIPS": 0.07974398881196976, "tOF": 1.3059972524642944}, "09": {"total_time_taken": 1.9505188465118408, "total_frames": 101, "individual_fps": [53.32709491382335, 52.0309582852117, 52.28438616837078, 46.29860203087353], "average_fps": 51.78109413329725, "vsr_time": [[30, 1650348358.7849264, 1650348358.9298038, 0.14487743377685547], [30, 1650348360.682378, 1650348360.8409522, 0.15857410430908203], [30, 1650348362.605945, 1650348362.7639503, 0.1580052375793457], [11, 1650348364.7510736, 1650348364.8390687, 0.08799505233764648]], "vi_time": [[30, 1650348358.9298046, 1650348359.3474905, 0.41768598556518555], [30, 1650348360.8409529, 1650348361.258956, 0.4180030822753906], [30, 1650348362.763951, 1650348363.1797283, 0.41577720642089844], [11, 1650348364.8390694, 1650348364.9886596, 0.14959025382995605]], "input_resolution": 6868, "PSNR": 32.58005337103046, "LPIPS": 0.0627417340874672, "tOF": 0.22912545502185822}}}