{"VidCatText": {"01": {"total_time_taken": 11.797783851623535, "total_frames": 101, "individual_fps": [6.891322163869481, 8.947606112858383, 8.717594317887293, 8.823192586194493, 8.703764343880435, 8.829756776147153, 8.930496221954227, 8.592103376365849, 8.720414541037762, 8.56335874932574, 14.492051371531437], "average_fps": 8.560929855152501, "vsr_time": [[10, 1650425177.7770803, 1650425178.7636387, 0.9865584373474121], [10, 1650425180.6416876, 1650425181.3330543, 0.6913666725158691], [10, 1650425183.1857545, 1650425183.905632, 0.7198774814605713], [10, 1650425185.791635, 1650425186.4982548, 0.7066197395324707], [10, 1650425188.3444366, 1650425189.0670435, 0.722606897354126], [10, 1650425190.92256, 1650425191.6281867, 0.7056267261505127], [10, 1650425193.5064611, 1650425194.1974487, 0.6909875869750977], [10, 1650425196.1030533, 1650425196.8391101, 0.7360568046569824], [10, 1650425198.688543, 1650425199.4073358, 0.7187926769256592], [10, 1650425201.270116, 1650425202.011986, 0.7418699264526367], [1, 1650425203.854, 1650425203.9229734, 0.06897330284118652]], "vi_time": [[10, 1650425178.76364, 1650425179.2281792, 0.4645392894744873], [10, 1650425181.333055, 1650425181.7593029, 0.42624783515930176], [10, 1650425183.9056327, 1650425184.3328586, 0.42722582817077637], [10, 1650425186.498256, 1650425186.9250097, 0.4267537593841553], [10, 1650425189.067045, 1650425189.4933634, 0.4263184070587158], [10, 1650425191.6281877, 1650425192.0550928, 0.42690515518188477], [10, 1650425194.1974497, 1650425194.6262186, 0.4287688732147217], [10, 1650425196.8391113, 1650425197.2669115, 0.42780017852783203], [10, 1650425199.4073367, 1650425199.8352754, 0.42793869972229004], [10, 1650425202.0119867, 1650425202.4378805, 0.42589378356933594], [1, 1650425203.9229743, 1650425203.9230018, 2.7418136596679688e-05]], "input_resolution": 27270, "PSNR": 38.81493036104005, "LPIPS": 0.02896355465054512, "tOF": 0.080934077501297}, "vid2": {"total_time_taken": 3.201632022857666, "total_frames": 90, "individual_fps": [26.48895805019022, 24.78282038070838, 28.558149478888996, 28.979096351620715, 29.064924283529475, 28.853920587988448, 28.90048315569851, 29.248308790662417, 28.832895440553134], "average_fps": 28.110663360890896, "vsr_time": [[10, 1650425374.7471468, 1650425374.9555576, 0.20841073989868164], [10, 1650425375.556303, 1650425375.7480536, 0.19175052642822266], [10, 1650425376.3729026, 1650425376.5696466, 0.19674396514892578], [10, 1650425377.1393945, 1650425377.3309066, 0.1915121078491211], [10, 1650425377.8987167, 1650425378.0888674, 0.19015073776245117], [10, 1650425378.6550343, 1650425378.8492672, 0.19423294067382812], [10, 1650425379.4179726, 1650425379.6106644, 0.19269180297851562], [10, 1650425380.169432, 1650425380.3623059, 0.19287395477294922], [10, 1650425380.9121146, 1650425381.1034608, 0.1913461685180664]], "vi_time": [[10, 1650425374.955558, 1650425375.124661, 0.16910290718078613], [10, 1650425375.7480543, 1650425375.9598072, 0.21175289154052734], [10, 1650425376.5696473, 1650425376.7230637, 0.15341639518737793], [10, 1650425377.3309073, 1650425377.4844692, 0.15356183052062988], [10, 1650425378.0888681, 1650425378.2427723, 0.15390419960021973], [10, 1650425378.849268, 1650425379.0016062, 0.15233826637268066], [10, 1650425379.6106653, 1650425379.7639856, 0.1533203125], [10, 1650425380.3623068, 1650425380.5113301, 0.14902329444885254], [10, 1650425381.1034617, 1650425381.2589395, 0.15547776222229004]], "input_resolution": 14040, "PSNR": 34.77312214221058, "LPIPS": 0.043521344661712646, "tOF": 0.31011515855789185}}}