{"Experiment1": {"01": {"total_time_taken": 33.36576247215271, "total_frames": 1200, "individual_fps": [24.259306130022306, 23.700551058617812], "average_fps": 35.96501057038718, "vsr_time": [[400, 1650916022.5572333, 1650916028.3605704, 5.803337097167969], [400, 1650916039.098593, 1650916045.128591, 6.029998064041138]], "vi_time": [[400, 1650916028.3605714, 1650916039.0457342, 10.685162782669067], [400, 1650916045.128592, 1650916055.9758353, 10.847243309020996]], "input_resolution": 216000}}}