{"Experiment1": {"01": {"total_time_taken": 6.503720283508301, "total_frames": 1200, "individual_fps": [19.574004581870483, 23.910789688663492], "average_fps": 184.50978020116884, "vsr_time": [[70, 1650915738.774035, 1650915740.4140267, 1.6399917602539062], [70, 1650915742.3543155, 1650915743.4910562, 1.1367406845092773]], "vi_time": [[70, 1650915740.4140284, 1650915742.3502054, 1.9361770153045654], [70, 1650915743.4910572, 1650915745.2818623, 1.7908051013946533]], "input_resolution": 216000}}}