{"VidCatAnimation": {"01": {"total_time_taken": 12.923418760299683, "total_frames": 97, "individual_fps": [2.4492326177234043, 6.109923156605617, 6.088478310097955, 11.85658585041375, 11.793562935917569, 11.365383885844972, 11.832205866588431, 11.436302584706077, 11.622849519947925, 17.06287782544566], "average_fps": 7.505753841079638, "vsr_time": [[10, 1650345330.9317057, 1650345332.9619565, 2.0302507877349854], [10, 1650345338.9207861, 1650345340.0724328, 1.151646614074707], [10, 1650345342.050169, 1650345343.3413663, 1.2911972999572754], [10, 1650345344.8467028, 1650345345.3643773, 0.517674446105957], [10, 1650345346.8242557, 1650345347.3450878, 0.5208320617675781], [10, 1650345348.8038394, 1650345349.3583558, 0.5545163154602051], [10, 1650345350.785648, 1650345351.3063, 0.5206518173217773], [10, 1650345352.7218966, 1650345353.2687092, 0.5468125343322754], [10, 1650345354.6844218, 1650345355.2182007, 0.5337789058685303], [7, 1650345356.6846886, 1650345357.0134597, 0.32877111434936523]], "vi_time": [[10, 1650345332.9619577, 1650345335.0146153, 2.0526576042175293], [10, 1650345340.0724342, 1650345340.557466, 0.4850318431854248], [10, 1650345343.3413672, 1650345343.6926134, 0.3512461185455322], [10, 1650345345.3643787, 1650345345.6901143, 0.32573556900024414], [10, 1650345347.3450885, 1650345347.6721745, 0.3270859718322754], [10, 1650345349.3583567, 1650345349.6837027, 0.3253459930419922], [10, 1650345351.3063009, 1650345351.6307979, 0.3244969844818115], [10, 1650345353.2687101, 1650345353.5963027, 0.3275926113128662], [10, 1650345355.2182019, 1650345355.5447946, 0.32659268379211426], [7, 1650345357.0134604, 1650345357.0949342, 0.08147382736206055]], "input_resolution": 19788, "PSNR": 33.98030056497861, "LPIPS": 0.07508744299411774, "tOF": 2.016321897506714}, "02": {"total_time_taken": 10.366415977478027, "total_frames": 96, "individual_fps": [8.865553501026842, 9.187209895007484, 9.162976654890816, 9.184496012676052, 9.237728960802183, 9.265121884734686, 9.206132850628041, 9.088234860756838, 9.12029854309768, 11.428569352546083], "average_fps": 9.260674104586258, "vsr_time": [[10, 1650345480.3922973, 1650345481.0996504, 0.7073531150817871], [10, 1650345482.9057865, 1650345483.5777853, 0.6719987392425537], [10, 1650345485.3840785, 1650345486.0597687, 0.6756901741027832], [10, 1650345487.830585, 1650345488.5046666, 0.674081563949585], [10, 1650345490.2218807, 1650345490.8899662, 0.6680855751037598], [10, 1650345492.5419407, 1650345493.2049282, 0.662987470626831], [10, 1650345494.8511665, 1650345495.5216963, 0.670529842376709], [10, 1650345497.2067173, 1650345497.8916476, 0.6849303245544434], [10, 1650345499.5699966, 1650345500.2500095, 0.6800129413604736], [6, 1650345501.930496, 1650345502.3509927, 0.42049670219421387]], "vi_time": [[10, 1650345481.099651, 1650345481.520257, 0.4206058979034424], [10, 1650345483.5777864, 1650345483.9942544, 0.41646790504455566], [10, 1650345486.0597696, 1650345486.4754252, 0.41565561294555664], [10, 1650345488.5046673, 1650345488.919375, 0.41470766067504883], [10, 1650345490.8899672, 1650345491.304396, 0.4144287109375], [10, 1650345493.2049294, 1650345493.6212554, 0.41632604598999023], [10, 1650345495.5216973, 1650345495.9373977, 0.41570043563842773], [10, 1650345497.8916488, 1650345498.307039, 0.4153902530670166], [10, 1650345500.2500107, 1650345500.6664503, 0.4164395332336426], [6, 1650345502.3509934, 1650345502.4554946, 0.10450124740600586]], "input_resolution": 25920, "PSNR": 34.93739562318422, "LPIPS": 0.04796336963772774, "tOF": 1.0024499893188477}, "03": {"total_time_taken": 10.231858968734741, "total_frames": 96, "individual_fps": [9.089018686829506, 9.289613153528634, 9.356536039349034, 9.38088835091731, 9.035055369630628, 9.372903456482511, 9.301341167714932, 9.307066556013652, 9.339402094466305, 11.398468628627722], "average_fps": 9.38245926701541, "vsr_time": [[10, 1650345663.5723228, 1650345664.2569969, 0.6846740245819092], [10, 1650345666.0901551, 1650345666.751837, 0.6616818904876709], [10, 1650345668.57955, 1650345669.231442, 0.6518919467926025], [10, 1650345671.0881286, 1650345671.739424, 0.6512954235076904], [10, 1650345673.568971, 1650345674.260828, 0.691857099533081], [10, 1650345676.0673308, 1650345676.7189176, 0.6515867710113525], [10, 1650345678.551899, 1650345679.2099483, 0.6580493450164795], [10, 1650345681.01387, 1650345681.6706314, 0.6567614078521729], [10, 1650345683.4666648, 1650345684.1225045, 0.6558396816253662], [6, 1650345685.911974, 1650345686.3342462, 0.4222722053527832]], "vi_time": [[10, 1650345664.2569978, 1650345664.67255, 0.41555213928222656], [10, 1650345666.7518377, 1650345667.1666248, 0.41478705406188965], [10, 1650345669.2314427, 1650345669.6483192, 0.41687655448913574], [10, 1650345671.7394247, 1650345672.1541235, 0.41469883918762207], [10, 1650345674.2608287, 1650345674.6757693, 0.41494059562683105], [10, 1650345676.7189183, 1650345677.1342347, 0.4153163433074951], [10, 1650345679.2099493, 1650345679.627011, 0.41706180572509766], [10, 1650345681.6706321, 1650345682.0883207, 0.41768860816955566], [10, 1650345684.1225052, 1650345684.5373955, 0.4148902893066406], [6, 1650345686.334247, 1650345686.4383585, 0.1041114330291748]], "input_resolution": 25920, "PSNR": 33.38725733081202, "LPIPS": 0.04390596225857735, "tOF": 1.226442575454712}, "04": {"total_time_taken": 10.90524673461914, "total_frames": 101, "individual_fps": [9.060292807266718, 9.273604798399944, 9.310237744573028, 9.291531119610378, 9.286236001637482, 9.309477288763539, 9.031252025370941, 9.12520355626529, 9.216939920850816, 9.331743002756825, 16.0962790126489], "average_fps": 9.261596959504958, "vsr_time": [[10, 1650345835.2686248, 1650345835.9570427, 0.688417911529541], [10, 1650345837.7254481, 1650345838.388743, 0.663294792175293], [10, 1650345840.1144419, 1650345840.7740085, 0.6595666408538818], [10, 1650345842.5286512, 1650345843.1890068, 0.6603555679321289], [10, 1650345844.937338, 1650345845.601245, 0.6639068126678467], [10, 1650345847.3441513, 1650345848.0031905, 0.6590392589569092], [10, 1650345849.7625124, 1650345850.453184, 0.690671443939209], [10, 1650345852.2310047, 1650345852.9095666, 0.6785619258880615], [10, 1650345854.697324, 1650345855.3675666, 0.6702425479888916], [10, 1650345857.1851807, 1650345857.8401535, 0.6549727916717529], [1, 1650345859.657735, 1650345859.7198267, 0.06209158897399902]], "vi_time": [[10, 1650345835.9570436, 1650345836.3723404, 0.4152967929840088], [10, 1650345838.3887439, 1650345838.803776, 0.41503214836120605], [10, 1650345840.774009, 1650345841.1885262, 0.4145171642303467], [10, 1650345843.1890082, 1650345843.6048985, 0.4158902168273926], [10, 1650345845.6012454, 1650345846.0141993, 0.41295385360717773], [10, 1650345848.0031912, 1650345848.4183235, 0.4151322841644287], [10, 1650345850.453185, 1650345850.8697765, 0.4165914058685303], [10, 1650345852.9095678, 1650345853.3268692, 0.4173014163970947], [10, 1650345855.3675673, 1650345855.7822812, 0.41471385955810547], [10, 1650345857.8401544, 1650345858.25679, 0.41663551330566406], [1, 1650345859.7198274, 1650345859.7198603, 3.2901763916015625e-05]], "input_resolution": 27270, "PSNR": 35.94414118154114, "LPIPS": 0.028828585520386696, "tOF": 0.5328137278556824}, "05": {"total_time_taken": 10.881380319595337, "total_frames": 101, "individual_fps": [9.155771964019594, 9.161805771562978, 9.370777981831749, 9.26922312788634, 9.393584382606958, 9.313028524356112, 9.143536801158184, 9.119713547815884, 9.252207166477584, 9.253966793596119, 16.19622501621822], "average_fps": 9.28191066147351,