{"VidCatText": {"01": {"total_time_taken": 10.324954271316528, "total_frames": 101, "individual_fps": [8.97735458419229, 10.2058529998933, 9.834774169480223, 9.847816016497301, 10.001789651664156, 13.63939202768004], "average_fps": 9.782125648787165, "vsr_time": [[20, 1650425534.9030995, 1650425536.1643672, 1.2612676620483398], [20, 1650425539.936719, 1650425540.9478686, 1.0111496448516846], [20, 1650425544.6913607, 1650425545.7741718, 1.0828111171722412], [20, 1650425549.5919504, 1650425550.6733563, 1.0814058780670166], [20, 1650425554.4523168, 1650425555.5022054, 1.0498886108398438], [1, 1650425559.2638838, 1650425559.3371475, 0.07326364517211914]], "vi_time": [[20, 1650425536.1643684, 1650425537.1309261, 0.9665577411651611], [20, 1650425540.9478698, 1650425541.8963766, 0.9485068321228027], [20, 1650425545.7741728, 1650425546.724959, 0.9507861137390137], [20, 1650425550.6733575, 1650425551.622856, 0.9494984149932861], [20, 1650425555.5022066, 1650425556.4519572, 0.9497506618499756], [1, 1650425559.3371484, 1650425559.3371994, 5.1021575927734375e-05]], "input_resolution": 27270, "PSNR": 38.71068905985389, "LPIPS": 0.030091285705566406, "tOF": 0.08416172116994858}, "vid2": {"total_time_taken": 2.8941221237182617, "total_frames": 90, "individual_fps": [28.185045536985655, 32.47145695618026, 32.74708535759388, 32.590787592465965, 29.053830893191616], "average_fps": 31.09751287356572, "vsr_time": [[20, 1650425720.8606195, 1650425721.1572835, 0.2966639995574951], [20, 1650425722.396775, 1650425722.668136, 0.2713608741760254], [20, 1650425723.846465, 1650425724.111609, 0.26514387130737305], [20, 1650425725.331057, 1650425725.602205, 0.2711479663848877], [10, 1650425726.7624688, 1650425726.952873, 0.19040417671203613]], "vi_time": [[20, 1650425721.1572843, 1650425721.570214, 0.4129297733306885], [20, 1650425722.668137, 1650425723.012699, 0.3445618152618408], [20, 1650425724.11161, 1650425724.4572046, 0.3455946445465088], [20, 1650425725.6022055, 1650425725.9447258, 0.34252023696899414], [10, 1650425726.9528737, 1650425727.1066558, 0.15378212928771973]], "input_resolution": 14040, "PSNR": 34.83669822208875, "LPIPS": 0.04301066696643829, "tOF": 0.316270649433136}}}