{"Experiment1": {"01": {"total_time_taken": 4.573737621307373, "total_frames": 1200, "individual_fps": [20.852991595769645, 15.062806524660147], "average_fps": 262.3674769644936, "vsr_time": [[40, 1650915681.259548, 1650915682.0871303, 0.8275823593139648], [40, 1650915683.182223, 1650915684.70185, 1.5196268558502197]], "vi_time": [[40, 1650915682.087131, 1650915683.1777368, 1.0906057357788086], [40, 1650915684.7018514, 1650915685.8377686, 1.1359171867370605]], "input_resolution": 216000}}}