{"Experiment1": {"01": {"total_time_taken": 24.734900951385498, "total_frames": 1200, "individual_fps": [24.035423606530696, 24.48315337904903], "average_fps": 48.514445332063616, "vsr_time": [[300, 1650915935.4427247, 1650915939.9537675, 4.511042833328247], [300, 1650915947.9468513, 1650915952.2025747, 4.255723476409912]], "vi_time": [[300, 1650915939.9537683, 1650915947.9242997, 7.970531463623047], [300, 1650915952.202576, 1650915960.2001731, 7.9975972175598145]], "input_resolution": 216000}}}