{"VidCatAnimation": {"01": {"total_time_taken": 13.65527629852295, "total_frames": 97, "individual_fps": [4.201231200064226, 14.452490922837855, 12.439915175062655], "average_fps": 7.1034813122376885, "vsr_time": [[40, 1650348409.4092145, 1650348415.6582882, 6.24907374382019], [40, 1650348425.2554924, 1650348426.4768114, 1.2213189601898193], [17, 1650348433.4584873, 1650348434.1753929, 0.7169055938720703]], "vi_time": [[40, 1650348415.6582894, 1650348418.9302313, 3.271941900253296], [40, 1650348426.4768128, 1650348428.0231793, 1.5463664531707764], [17, 1650348434.175394, 1650348434.8250542, 0.6496601104736328]], "input_resolution": 19788, "PSNR": 33.15306688315967, "LPIPS": 0.08354063332080841, "tOF": 2.270803213119507}, "02": {"total_time_taken": 8.704061031341553, "total_frames": 96, "individual_fps": [11.21894167897188, 11.248753832871161, 10.109224556175537], "average_fps": 11.029334428414913, "vsr_time": [[40, 1650348554.1044655, 1650348555.703087, 1.5986216068267822], [40, 1650348564.0208266, 1650348565.6032562, 1.5824296474456787], [16, 1650348573.7977676, 1650348574.6550522, 0.8572845458984375]], "vi_time": [[40, 1650348555.703088, 1650348557.669862, 1.9667739868164062], [40, 1650348565.6032577, 1650348567.5767717, 1.9735140800476074], [16, 1650348574.6550531, 1650348575.3804786, 0.7254254817962646]], "input_resolution": 25920, "PSNR": 35.139109267329395, "LPIPS": 0.04045363888144493, "tOF": 1.0155454874038696}, "03": {"total_time_taken": 8.630036354064941, "total_frames": 96, "individual_fps": [11.425235710126767, 11.450980306505837, 9.780765480644368], "average_fps": 11.123939235178522, "vsr_time": [[40, 1650348726.5051582, 1650348728.0403302, 1.5351719856262207], [40, 1650348737.303717, 1650348738.8297365, 1.52601957321167], [16, 1650348747.5557647, 1650348748.468913, 0.9131484031677246]], "vi_time": [[40, 1650348728.0403311, 1650348730.0061786, 1.9658474922180176], [40, 1650348738.8297377, 1650348740.796866, 1.9671282768249512], [16, 1650348748.4689145, 1650348749.191627, 0.722712516784668]], "input_resolution": 25920, "PSNR": 32.902101306981955, "LPIPS": 0.04350854083895683, "tOF": 1.3305965662002563}, "04": {"total_time_taken": 9.055950164794922, "total_frames": 101, "individual_fps": [11.39203404434002, 11.328063851727094, 10.428713694577128], "average_fps": 11.152888229513266, "vsr_time": [[40, 1650348900.4993443, 1650348902.0441813, 1.5448369979858398], [40, 1650348910.469973, 1650348912.03425, 1.564276933670044], [21, 1650348920.4580579, 1650348921.438496, 0.980438232421875]], "vi_time": [[40, 1650348902.044182, 1650348904.0105684, 1.966386318206787], [40, 1650348912.034251, 1650348914.0010247, 1.9667737483978271], [21, 1650348921.438497, 1650348922.4717271, 1.0332300662994385]], "input_resolution": 27270, "PSNR": 35.572640236219456, "LPIPS": 0.02998303808271885, "tOF": 0.588125467300415}, "05": {"total_time_taken": 9.051021575927734, "total_frames": 101, "individual_fps": [11.395579506696015, 11.386495099770869, 10.355259080210585], "average_fps": 11.158961356209943, "vsr_time": [[40, 1650349081.8747802, 1650349083.4107041, 1.535923957824707], [40, 1650349091.9575727, 1650349093.5043128, 1.5467400550842285], [21, 1650349101.988293, 1650349102.9784353, 0.9901423454284668]], "vi_time": [[40, 1650349083.410705, 1650349085.3849115, 1.9742064476013184], [40, 1650349093.5043144, 1650349095.4705036, 1.9661891460418701], [21, 1650349102.9784365, 1650349104.016246, 1.0378096103668213]], "input_resolution": 27270, "PSNR": 36.76509769809558, "LPIPS": 0.025556085631251335, "tOF": 1.3094184398651123}, "06": {"total_time_taken": 2.50285005569458, "total_frames": 97, "individual_fps": [39.57897776344499, 39.849676708013014, 34.804664691723936], "average_fps": 38.75581750464911, "vsr_time": [[40, 1650349282.0707214, 1650349282.4402668, 0.36954545974731445], [40, 1650349285.9302125, 1650349286.302005, 0.3717925548553467], [17, 1650349289.8816984, 1650349290.090167, 0.20846867561340332]], "vi_time": [[40, 1650349282.440268, 1650349283.0813572, 0.6410892009735107], [40, 1650349286.3020058, 1650349286.9339824, 0.6319766044616699], [17, 1650349290.0901678, 1650349290.3701365, 0.2799687385559082]], "input_resolution": 9894, "PSNR": 33.256946714137946, "LPIPS": 0.09009306132793427, "tOF": 2.3544442653656006}, "07": {"total_time_taken": 2.887873411178589, "total_frames": 96, "individual_fps": [33.62324533390036, 33.973735847833964, 30.719596880289963], "average_fps": 33.24245433625874, "vsr_time": [[40, 1650349322.962558, 1650349323.4318962, 0.46933817863464355], [40, 1650349326.8153286, 1650349327.2913375, 0.47600889205932617], [16, 1650349330.6743453, 1650349330.9310548, 0.25670957565307617]], "vi_time": [[40, 1650349323.4318972, 1650349324.1522098, 0.7203125953674316], [40, 1650349327.2913382, 1650349327.992707, 0.7013688087463379], [16, 1650349330.9310555, 1650349331.1951842, 0.2641286849975586]], "input_resolution": 12960, "PSNR": 35.195882944455484, "LPIPS": 0.058456260710954666, "tOF": 0.906524658203125}, "08": {"total_time_taken": 2.0440778732299805, "total_frames": 96, "individual_fps": [47.208578642480305, 47.85471203255117, 44.33227240597977], "average_fps": 46.9649426067629, "vsr_time": [[40, 1650349371.7932258, 1650349372.049658, 0.25643229484558105], [40, 1650349374.8049612, 1650349375.0628786, 0.2579174041748047], [16, 1650349377.9058557, 1650349378.0516841, 0.1458284854888916]], "vi_time": [[40, 1650349372.0496593, 1650349372.640528, 0.5908687114715576], [40, 1650349375.0628796, 1650349375.640823, 0.5779433250427246], [16, 1650349378.051685, 1650349378.2667649, 0.21507978439331055]], "input_resolution": 8640, "PSNR": 31.828048784927105, "LPIPS": 0.07538444548845291, "tOF": 1.263497233390808}, "09": {"total_time_taken": 1.920581340789795, "total_frames": 101, "individual_fps": [53.581266056288186, 53.349580414465926, 49.49559666434399], "average_fps": 52.58824391080779, "vsr_time": [[40, 1650349398.465929, 1650349398.6486387, 0.1827096939086914], [40, 1650349401.0222883, 1650349401.2124505, 0.19016218185424805], [21, 1650349403.5992246, 1650349403.726674, 0.12744951248168945]], "vi_time": [[40, 1650349398.6486394, 1650349399.212457, 0.5638175010681152], [40, 1650349401.2124517, 1650349401.7720578, 0.5596060752868652], [21, 1650349403.7266753, 1650349404.023503, 0.2968277931213379]], "input_resolution": 6868, "PSNR": 32.51938248348788, "LPIPS": 0.06257275491952896, "tOF": 0.2291010618209839}}}