{"VidCatText": {"01": {"total_time_taken": 10.226781606674194, "total_frames": 101, "individual_fps": [10.134983165162156, 9.88978506878019, 10.1482118682083, 8.613140032442082], "average_fps": 9.876029809230056, "vsr_time": [[30, 1650425786.111225, 1650425787.5827074, 1.471482515335083], [30, 1650425793.3478227, 1650425794.8894668, 1.5416440963745117], [30, 1650425800.6966267, 1650425802.1706479, 1.4740211963653564], [11, 1650425807.9251633, 1650425808.6741138, 0.7489504814147949]], "vi_time": [[30, 1650425787.5827088, 1650425789.0712678, 1.4885590076446533], [30, 1650425794.8894682, 1650425796.3812535, 1.4917852878570557], [30, 1650425802.1706493, 1650425803.652811, 1.4821617603302002], [11, 1650425808.6741152, 1650425809.20228, 0.5281648635864258]], "input_resolution": 27270, "PSNR": 38.64656867105072, "LPIPS": 0.03133779391646385, "tOF": 0.0859881117939949}, "vid2": {"total_time_taken": 2.7495346069335938, "total_frames": 90, "individual_fps": [30.387158238677184, 34.24645700601188, 33.84963694039969], "average_fps": 32.73281222685613, "vsr_time": [[30, 1650425982.1942167, 1650425982.564267, 0.37005019187927246], [30, 1650425984.4572127, 1650425984.7999148, 0.34270215034484863], [30, 1650425986.5874903, 1650425986.9412081, 0.3537178039550781]], "vi_time": [[30, 1650425982.564268, 1650425983.1814742, 0.6172060966491699], [30, 1650425984.799916, 1650425985.3332143, 0.5332982540130615], [30, 1650425986.9412088, 1650425987.473761, 0.5325522422790527]], "input_resolution": 14040, "PSNR": 34.696591488472556, "LPIPS": 0.04467584937810898, "tOF": 0.32325828075408936}}}