{"Experiment1": {"01": {"total_time_taken": 20.964237213134766, "total_frames": 1200, "individual_fps": [57.24033685557429], "average_fps": 57.24033685557429, "vsr_time": [[1200, 1650924983.3136044, 1650924986.7040937, 3.390489339828491]], "vi_time": [[1200, 1650924986.7040944, 1650925004.2778404, 17.57374596595764]], "input_resolution": 54000}}}