{"Experiment1": {"01": {"total_time_taken": 17.59382939338684, "total_frames": 1200, "individual_fps": [56.48947836488578, 57.19107040752243], "average_fps": 68.20573129185027, "vsr_time": [[500, 1650924498.350967, 1650924499.855944, 1.5049769878387451], [500, 1650924507.2049072, 1650924508.5706732, 1.3657660484313965]], "vi_time": [[500, 1650924499.8559446, 1650924507.2021716, 7.346226930618286], [500, 1650924508.570674, 1650924515.9475296, 7.3768556118011475]], "input_resolution": 54000}}}