{"Experiment1": {"01": {"total_time_taken": 20.61364221572876, "total_frames": 1200, "individual_fps": [58.21387542490516], "average_fps": 58.21387542490516, "vsr_time": [[1200, 1650925105.1729796, 1650925108.4890115, 3.3160319328308105]], "vi_time": [[1200, 1650925108.4890127, 1650925125.7866204, 17.29760766029358]], "input_resolution": 54000}}}