{"Experiment1": {"01": {"total_time_taken": 20.626287937164307, "total_frames": 1200, "individual_fps": [58.17818521954443], "average_fps": 58.17818521954443, "vsr_time": [[1200, 1650925065.0022428, 1650925068.392412, 3.390169143676758]], "vi_time": [[1200, 1650925068.392413, 1650925085.628529, 17.23611617088318]], "input_resolution": 54000}}}