{"VidCatAnimation": {"01": {"total_time_taken": 13.423540830612183, "total_frames": 97, "individual_fps": [7.226111293884022], "average_fps": 7.226111293884022, "vsr_time": [[97, 1650782587.5925443, 1650782601.0160832, 13.42353892326355]], "vi_time": [[97, 1650782601.0160842, 1650782601.0160844, 2.384185791015625e-07]], "input_resolution": 19788, "PSNR": 39.96542016084072, "LPIPS": 0.022808274254202843, "tOF": 0.389326810836792}, "02": {"total_time_taken": 9.601993560791016, "total_frames": 96, "individual_fps": [9.997923805323973], "average_fps": 9.997923805323973, "vsr_time": [[96, 1650782731.9797254, 1650782741.5817168, 9.601991415023804]], "vi_time": [[96, 1650782741.5817177, 1650782741.5817177, 0.0]], "input_resolution": 25920, "PSNR": 37.35537347023084, "LPIPS": 0.027345329523086548, "tOF": 0.17802047729492188}, "03": {"total_time_taken": 8.020970344543457, "total_frames": 96, "individual_fps": [11.968626721741632], "average_fps": 11.968626721741632, "vsr_time": [[96, 1650782907.4637997, 1650782915.4847674, 8.020967721939087]], "vi_time": [[96, 1650782915.4847689, 1650782915.484769, 2.384185791015625e-07]], "input_resolution": 25920, "PSNR": 37.8103338580849, "LPIPS": 0.027477994561195374, "tOF": 0.14160212874412537}, "04": {"total_time_taken": 8.227558612823486, "total_frames": 101, "individual_fps": [12.333369697572055, 8.369993135267165], "average_fps": 12.275816527466755, "vsr_time": [[100, 1650783085.6790974, 1650783093.7871733, 8.108075857162476], [1, 1650783108.5265481, 1650783108.6460197, 0.11947154998779297]], "vi_time": [[100, 1650783093.7871745, 1650783093.7871802, 5.7220458984375e-06], [1, 1650783108.646021, 1650783108.646021, 0.0]], "input_resolution": 27270, "PSNR": 36.79182948952091, "LPIPS": 0.02846955694258213, "tOF": 0.17205184698104858}, "05": {"total_time_taken": 7.220347166061401, "total_frames": 101, "individual_fps": [14.039375485204511, 10.253969030075151], "average_fps": 13.988247057529518, "vsr_time": [[100, 1650783268.3554368, 1650783275.4782584, 7.122821569442749], [1, 1650783290.1248662, 1650783290.2223861, 0.0975198745727539]], "vi_time": [[100, 1650783275.478259, 1650783275.4782596, 4.76837158203125e-07], [1, 1650783290.222388, 1650783290.2223883, 2.384185791015625e-07]], "input_resolution": 27270, "PSNR": 41.449252505706895, "LPIPS": 0.016952667385339737, "tOF": 0.48849546909332275}, "06": {"total_time_taken": 1.372243881225586, "total_frames": 97, "individual_fps": [70.6871433912803], "average_fps": 70.6871433912803, "vsr_time": [[97, 1650783450.0434906, 1650783451.415732, 1.3722412586212158]], "vi_time": [[97, 1650783451.4157333, 1650783451.4157333, 0.0]], "input_resolution": 9894, "PSNR": 38.88995615395465, "LPIPS": 0.03702930733561516, "tOF": 0.3634927272796631}, "07": {"total_time_taken": 1.7436003684997559, "total_frames": 96, "individual_fps": [55.058488019592], "average_fps": 55.058488019592, "vsr_time": [[96, 1650783486.0958252, 1650783487.839423, 1.7435977458953857]], "vi_time": [[96, 1650783487.839424, 1650783487.8394244, 4.76837158203125e-07]], "input_resolution": 12960, "PSNR": 36.122007959401365, "LPIPS": 0.059217870235443115, "tOF": 0.18484143912792206}, "08": {"total_time_taken": 0.9385957717895508, "total_frames": 96, "individual_fps": [102.28045223021188], "average_fps": 102.28045223021188, "vsr_time": [[96, 1650783531.93392, 1650783532.8725138, 0.938593864440918]], "vi_time": [[96, 1650783532.8725145, 1650783532.8725147, 2.384185791015625e-07]], "input_resolution": 8640, "PSNR": 32.83946088929907, "LPIPS": 0.06942177563905716, "tOF": 0.32948362827301025}, "09": {"total_time_taken": 0.7581455707550049, "total_frames": 101, "individual_fps": [133.44625916223202, 113.89209004263176], "average_fps": 133.2197982762313, "vsr_time": [[100, 1650783553.969085, 1650783554.7184482, 0.7493631839752197], [1, 1650783556.6298368, 1650783556.6386151, 0.00877833366394043]], "vi_time": [[100, 1650783554.718449, 1650783554.7184494, 2.384185791015625e-07], [1, 1650783556.6386158, 1650783556.6386158, 0.0]], "input_resolution": 6868, "PSNR": 30.416652276854997, "LPIPS": 0.12571796774864197, "tOF": 0.16675858199596405}}}