{"VidCatAnimation": {"01": {"total_time_taken": 15.501522541046143, "total_frames": 97, "individual_fps": [6.257449856499955], "average_fps": 6.257449856499955, "vsr_time": [[97, 1650407807.8543963, 1650407818.0925508, 10.238154411315918]], "vi_time": [[97, 1650407818.092552, 1650407823.3559017, 5.263349771499634]], "input_resolution": 19788, "PSNR": 33.02232551995105, "LPIPS": 0.08466748893260956, "tOF": 2.321056365966797}, "02": {"total_time_taken": 8.61464548110962, "total_frames": 96, "individual_fps": [11.143813197015579], "average_fps": 11.143813197015579, "vsr_time": [[96, 1650407956.1846764, 1650407959.7064393, 3.5217628479003906]], "vi_time": [[96, 1650407959.7064404, 1650407964.7993197, 5.092879295349121]], "input_resolution": 25920, "PSNR": 34.95122328289543, "LPIPS": 0.04120379686355591, "tOF": 1.0583927631378174}, "03": {"total_time_taken": 8.587047338485718, "total_frames": 96, "individual_fps": [11.179628598266131], "average_fps": 11.179628598266131, "vsr_time": [[96, 1650408146.0410132, 1650408149.5465224, 3.5055091381073]], "vi_time": [[96, 1650408149.5465238, 1650408154.6280572, 5.081533432006836]], "input_resolution": 25920, "PSNR": 32.637816928985586, "LPIPS": 0.04442983865737915, "tOF": 1.3724044561386108}, "04": {"total_time_taken": 9.152565479278564, "total_frames": 101, "individual_fps": [11.035157325961153], "average_fps": 11.035157325961153, "vsr_time": [[101, 1650408329.6563532, 1650408333.425184, 3.7688307762145996]], "vi_time": [[101, 1650408333.4251852, 1650408338.8089166, 5.383731365203857]], "input_resolution": 27270, "PSNR": 35.40619608782356, "LPIPS": 0.029695509001612663, "tOF": 0.592069149017334}, "05": {"total_time_taken": 9.193421840667725, "total_frames": 101, "individual_fps": [10.986116132865748], "average_fps": 10.986116132865748, "vsr_time": [[101, 1650408518.6332226, 1650408522.3594267, 3.7262041568756104]], "vi_time": [[101, 1650408522.3594284, 1650408527.8266425, 5.467214107513428]], "input_resolution": 27270, "PSNR": 36.44919198278778, "LPIPS": 0.02655990980565548, "tOF": 1.3453618288040161}, "06": {"total_time_taken": 2.738708972930908, "total_frames": 97, "individual_fps": [35.41814809778516], "average_fps": 35.41814809778516, "vsr_time": [[97, 1650408720.0961022, 1650408720.8999922, 0.8038899898529053]], "vi_time": [[97, 1650408720.8999937, 1650408722.8348079, 1.934814214706421]], "input_resolution": 9894, "PSNR": 33.20441185014812, "LPIPS": 0.09064050018787384, "tOF": 2.3834943771362305}, "07": {"total_time_taken": 3.2747137546539307, "total_frames": 96, "individual_fps": [29.31553936998845], "average_fps": 29.31553936998845, "vsr_time": [[96, 1650408763.6067848, 1650408764.675284, 1.0684990882873535]], "vi_time": [[96, 1650408764.675285, 1650408766.8814964, 2.2062113285064697]], "input_resolution": 12960, "PSNR": 35.081812414487075, "LPIPS": 0.059025704860687256, "tOF": 0.9274495244026184}, "08": {"total_time_taken": 2.501181125640869, "total_frames": 96, "individual_fps": [38.38186647734368], "average_fps": 38.38186647734368, "vsr_time": [[96, 1650408819.8564448, 1650408820.446701, 0.5902562141418457]], "vi_time": [[96, 1650408820.446702, 1650408822.3576243, 1.9109222888946533]], "input_resolution": 8640, "PSNR": 31.735668493458093, "LPIPS": 0.07610011845827103, "tOF": 1.302613615989685}, "09": {"total_time_taken": 2.4263181686401367, "total_frames": 101, "individual_fps": [41.62685722977825], "average_fps": 41.62685722977825, "vsr_time": [[101, 1650408847.4046378, 1650408847.8699644, 0.46532654762268066]], "vi_time": [[101, 1650408847.8699667, 1650408849.8309538, 1.9609870910644531]], "input_resolution": 6868, "PSNR": 32.47870508624213, "LPIPS": 0.06478945910930634, "tOF": 0.22807304561138153}}}