{"Experiment1": {"01": {"total_time_taken": 21.057265996932983, "total_frames": 1200, "individual_fps": [56.987455074879215], "average_fps": 56.987455074879215, "vsr_time": [[1200, 1650924780.5182664, 1650924783.9255633, 3.407296895980835]], "vi_time": [[1200, 1650924783.9255645, 1650924801.5755305, 17.64996600151062]], "input_resolution": 54000}}}