{"VidCatAnimation": {"01": {"total_time_taken": 13.175337553024292, "total_frames": 97, "individual_fps": [5.040325449236618, 14.437801832282485], "average_fps": 7.362240216588185, "vsr_time": [[50, 1650349449.229082, 1650349456.4710886, 7.242006540298462], [47, 1650349466.8840759, 1650349468.2668467, 1.3827707767486572]], "vi_time": [[50, 1650349456.4710896, 1650349459.1490748, 2.677985191345215], [47, 1650349468.2668478, 1650349470.139414, 1.8725662231445312]], "input_resolution": 19788, "PSNR": 33.174831477153454, "LPIPS": 0.08422625064849854, "tOF": 2.3089375495910645}, "02": {"total_time_taken": 8.314125299453735, "total_frames": 96, "individual_fps": [11.589982228324008, 11.499842347875832], "average_fps": 11.546614531574056, "vsr_time": [[50, 1650349593.4619825, 1650349595.2867358, 1.8247532844543457], [46, 1650349605.8666148, 1650349607.5867372, 1.7201223373413086]], "vi_time": [[50, 1650349595.286737, 1650349597.7760499, 2.4893128871917725], [46, 1650349607.586738, 1650349609.8666675, 2.2799293994903564]], "input_resolution": 25920, "PSNR": 35.04415589113945, "LPIPS": 0.04104834049940109, "tOF": 1.046118974685669}, "03": {"total_time_taken": 8.410581350326538, "total_frames": 96, "individual_fps": [11.635851649593942, 11.182644150912907], "average_fps": 11.414193145670344, "vsr_time": [[50, 1650349765.1749609, 1650349766.9851096, 1.8101487159729004], [46, 1650349777.9886017, 1650349779.6893404, 1.7007386684417725]], "vi_time": [[50, 1650349766.9851103, 1650349769.472022, 2.4869117736816406], [46, 1650349779.6893415, 1650349782.102116, 2.4127745628356934]], "input_resolution": 25920, "PSNR": 32.758006296740035, "LPIPS": 0.043952882289886475, "tOF": 1.358024001121521}, "04": {"total_time_taken": 8.89923357963562, "total_frames": 101, "individual_fps": [11.65553579760298, 11.036384538288138, 12.665070311108158], "average_fps": 11.349291947019044, "vsr_time": [[50, 1650349941.5769193, 1650349943.3859923, 1.8090729713439941], [50, 1650349955.904653, 1650349957.763701, 1.8590478897094727], [1, 1650349968.8533514, 1650349968.9321966, 0.07884526252746582]], "vi_time": [[50, 1650349943.3859932, 1650349945.8667243, 2.4807310104370117], [50, 1650349957.7637017, 1650349960.4351206, 2.6714189052581787], [1, 1650349968.9321976, 1650349968.9323075, 0.00010991096496582031]], "input_resolution": 27270, "PSNR": 35.604438016789615, "LPIPS": 0.02925099804997444, "tOF": 0.58991539478302}, "05": {"total_time_taken": 8.872257709503174, "total_frames": 101, "individual_fps": [11.10374033384097, 11.629803545429974, 14.291471737715643], "average_fps": 11.383799175695469, "vsr_time": [[50, 1650350126.4018705, 1650350128.4163294, 2.0144588947296143], [50, 1650350138.7715142, 1650350140.5841072, 1.8125929832458496], [1, 1650350151.4441566, 1650350151.5140285, 0.06987190246582031]], "vi_time": [[50, 1650350128.41633, 1650350130.9048562, 2.4885261058807373], [50, 1650350140.5841084, 1650350143.0708108, 2.4867024421691895], [1, 1650350151.5140293, 1650350151.5141253, 9.608268737792969e-05]], "input_resolution": 27270, "PSNR": 36.75083837603276, "LPIPS": 0.025335008278489113, "tOF": 1.2842282056808472}, "06": {"total_time_taken": 2.4373679161071777, "total_frames": 97, "individual_fps": [39.944633931202304, 39.64119394761423], "average_fps": 39.797028326738115, "vsr_time": [[50, 1650350305.2360601, 1650350305.6734018, 0.43734169006347656], [47, 1650350309.3532164, 1650350309.766845, 0.41362857818603516]], "vi_time": [[50, 1650350305.6734025, 1650350306.4877915, 0.8143889904022217], [47, 1650350309.7668457, 1650350310.5388505, 0.7720048427581787]], "input_resolution": 9894, "PSNR": 33.336541762220826, "LPIPS": 0.0903630182147026, "tOF": 2.3681352138519287}, "07": {"total_time_taken": 3.3237204551696777, "total_frames": 96, "individual_fps": [24.92063584487488, 34.918557324024036], "average_fps": 28.88329548012459, "vsr_time": [[50, 1650350344.005764, 1650350344.7599397, 0.7541756629943848], [46, 1650350350.5035634, 1650350351.0020936, 0.49853014945983887]], "vi_time": [[50, 1650350344.7599409, 1650350346.0121303, 1.2521893978118896], [46, 1650350351.0020943, 1650350351.8209128, 0.8188185691833496]], "input_resolution": 12960, "PSNR": 35.12277697948016, "LPIPS": 0.05900641158223152, "tOF": 0.9195988178253174}, "08": {"total_time_taken": 2.012984037399292, "total_frames": 96, "individual_fps": [47.4018567885072, 48.008030119916825], "average_fps": 47.69039307635484, "vsr_time": [[50, 1650350394.8395953, 1650350395.1468172, 0.3072218894958496], [46, 1650350398.3708186, 1650350398.664313, 0.29349446296691895]], "vi_time": [[50, 1650350395.1468184, 1650350395.8944054, 0.7475869655609131], [46, 1650350398.664314, 1650350399.3289897, 0.6646757125854492]], "input_resolution": 8640, "PSNR": 31.751147899190702, "LPIPS": 0.07614656537771225, "tOF": 1.2801697254180908}, "09": {"total_time_taken": 1.895066738128662, "total_frames": 101, "individual_fps": [53.17387229864867, 53.12146405011547, 73.98535922809617], "average_fps": 53.296276045526156, "vsr_time": [[50, 1650350420.1148057, 1650350420.3342452, 0.21943950653076172], [50, 1650350423.1834922, 1650350423.407153, 0.22366070747375488], [1, 1650350426.2476306, 1650350426.2610788, 0.013448238372802734]], "vi_time": [[50, 1650350420.3342462, 1650350421.0551152, 0.7208690643310547], [50, 1650350423.4071538, 1650350424.1247292, 0.7175753116607666], [1, 1650350426.2610798, 1650350426.2611454, 6.556510925292969e-05]], "input_resolution": 6868, "PSNR": 32.561166573948206, "LPIPS": 0.06125045567750931, "tOF": 0.2285449355840683}}}