{"Experiment1": {"01": {"total_time_taken": 21.027400016784668, "total_frames": 1200, "individual_fps": [57.06839642761948], "average_fps": 57.06839642761948, "vsr_time": [[1200, 1650924942.7323434, 1650924946.2051892, 3.4728457927703857]], "vi_time": [[1200, 1650924946.20519, 1650924963.7597423, 17.55455231666565]], "input_resolution": 54000}}}