{"Experiment1": {"01": {"total_time_taken": 21.05555295944214, "total_frames": 1200, "individual_fps": [56.992091459743534], "average_fps": 56.992091459743534, "vsr_time": [[1200, 1650925024.3735836, 1650925027.7097156, 3.336132049560547]], "vi_time": [[1200, 1650925027.7097166, 1650925045.4291353, 17.71941876411438]], "input_resolution": 54000}}}