{"VidCatAnimation": {"01": {"total_time_taken": 12.66353464126587, "total_frames": 97, "individual_fps": [3.868222155983745, 11.565878077162768, 17.459907703143692, 11.745460655278633], "average_fps": 7.659788735754089, "vsr_time": [[30, 1650777395.0486505, 1650777402.804149, 7.75549840927124], [30, 1650777410.391015, 1650777412.9848495, 2.593834400177002], [30, 1650777416.516611, 1650777418.2348309, 1.7182197570800781], [7, 1650777421.7628725, 1650777422.3588448, 0.5959722995758057]], "vi_time": [[30, 1650777402.8041499, 1650777402.80415, 2.384185791015625e-07], [30, 1650777412.9848502, 1650777412.9848506, 4.76837158203125e-07], [30, 1650777418.2348318, 1650777418.234832, 2.384185791015625e-07], [7, 1650777422.3588457, 1650777422.358846, 2.384185791015625e-07]], "input_resolution": 19788, "PSNR": 39.95390256057928, "LPIPS": 0.022812364622950554, "tOF": 0.3906693756580353}, "02": {"total_time_taken": 8.138198614120483, "total_frames": 96, "individual_fps": [12.810584265686636, 10.27795684257128, 13.982524999647184, 8.196925626532089], "average_fps": 11.796222303229568, "vsr_time": [[30, 1650777559.619649, 1650777561.9614577, 2.341808795928955], [30, 1650777566.0441608, 1650777568.9630256, 2.9188647270202637], [30, 1650777572.9942727, 1650777575.1398044, 2.14553165435791], [6, 1650777579.1108575, 1650777579.8428373, 0.7319798469543457]], "vi_time": [[30, 1650777561.961461, 1650777561.9614615, 4.76837158203125e-07], [30, 1650777568.9630272, 1650777568.9630275, 2.384185791015625e-07], [30, 1650777575.1398058, 1650777575.1398063, 4.76837158203125e-07], [6, 1650777579.842838, 1650777579.842838, 0.0]], "input_resolution": 25920, "PSNR": 37.457003238300004, "LPIPS": 0.02689901553094387, "tOF": 0.18002735078334808}, "03": {"total_time_taken": 7.842395305633545, "total_frames": 96, "individual_fps": [13.64690673012058, 11.442429074721776, 13.221579054047877, 7.9654185862121905], "average_fps": 12.241157995572971, "vsr_time": [[30, 1650777757.7354884, 1650777759.933787, 2.198298692703247], [30, 1650777764.4695973, 1650777767.0914156, 2.6218183040618896], [30, 1650777771.540297, 1650777773.8093126, 2.2690155506134033], [6, 1650777778.2364786, 1650777778.9897313, 0.7532527446746826]], "vi_time": [[30, 1650777759.9337878, 1650777759.933788, 2.384185791015625e-07], [30, 1650777767.0914164, 1650777767.0914166, 2.384185791015625e-07], [30, 1650777773.8093135, 1650777773.8093135, 0.0], [6, 1650777778.9897325, 1650777778.989733, 4.76837158203125e-07]], "input_resolution": 25920, "PSNR": 37.79869663381992, "LPIPS": 0.027321746572852135, "tOF": 0.14392796158790588}, "04": {"total_time_taken": 8.968557119369507, "total_frames": 101, "individual_fps": [12.047553653542181, 10.576639777286333, 12.471140649046982, 8.896569783473486], "average_fps": 11.261566231414083, "vsr_time": [[30, 1650777957.1779306, 1650777959.66806, 2.4901294708251953], [30, 1650777964.0392857, 1650777966.8757217, 2.8364360332489014], [30, 1650777971.182909, 1650777973.5884593, 2.405550241470337], [11, 1650777977.9870462, 1650777979.2234752, 1.23642897605896]], "vi_time": [[30, 1650777959.6680613, 1650777959.6680615, 2.384185791015625e-07], [30, 1650777966.8757226, 1650777966.8757231, 4.76837158203125e-07], [30, 1650777973.5884604, 1650777973.5884607, 2.384185791015625e-07], [11, 1650777979.2234762, 1650777979.2234764, 2.384185791015625e-07]], "input_resolution": 27270, "PSNR": 37.36748021350655, "LPIPS": 0.02436749078333378, "tOF": 0.17182232439517975}, "05": {"total_time_taken": 8.452329635620117, "total_frames": 101, "individual_fps": [12.735909757507919, 10.44072913523971, 13.588582616579094, 10.83010821342222], "average_fps": 11.949368322593822, "vsr_time": [[30, 1650778153.6511333, 1650778156.0066752, 2.355541944503784], [30, 1650778160.6747267, 1650778163.5480866, 2.8733599185943604], [30, 1650778167.9634123, 1650778170.171145, 2.207732677459717], [11, 1650778174.662121, 1650778175.6778047, 1.015683650970459]], "vi_time": [[30, 1650778156.006676, 1650778156.0066762, 2.384185791015625e-07], [30, 1650778163.5480876, 1650778163.5480876, 0.0], [30, 1650778170.171146, 1650778170.1711462, 2.384185791015625e-07], [11, 1650778175.6778064, 1650778175.6778064, 0.0]], "input_resolution": 27270, "PSNR": 41.87746652604969, "LPIPS": 0.01372501254081726, "tOF": 0.4684194326400757}, "06": {"total_time_taken": 1.5947597026824951, "total_frames": 97, "individual_fps": [61.240549577304385, 63.74422293359217, 64.40571327663734, 41.55285865720881], "average_fps": 60.82421059225371, "vsr_time": [[30, 1650778349.073336, 1650778349.563204, 0.4898681640625], [30, 1650778350.6125994, 1650778351.083228, 0.4706287384033203], [30, 1650778352.1594088, 1650778352.625204, 0.46579527854919434], [7, 1650778353.7192, 1650778353.8876576, 0.1684577465057373]], "vi_time": [[30, 1650778349.5632055, 1650778349.5632057, 2.384185791015625e-07], [30, 1650778351.0832288, 1650778351.0832288, 0.0], [30, 1650778352.6252048, 1650778352.625205, 2.384185791015625e-07], [7, 1650778353.8876586, 1650778353.8876588, 2.384185791015625e-07]], "input_resolution": 9894, "PSNR": 38.89400990735836, "LPIPS": 0.03683815896511078, "tOF": 0.3648974597454071}, "07": {"total_time_taken": 1.9620170593261719, "total_frames": 96, "individual_fps": [49.028547649161524, 52.107621647072854, 51.781253845144036, 30.76341125905208], "average_fps": 48.929238175416224, "vsr_time": [[30, 1650778384.8081746, 1650778385.420061, 0.6118865013122559], [30, 1650778386.6806526, 1650778387.256381, 0.5757284164428711], [30, 1650778388.4626088, 1650778389.0419672, 0.5793583393096924], [6, 1650778390.3123028, 1650778390.5073378, 0.19503498077392578]], "vi_time": [[30, 1650778385.4200616, 1650778385.420062, 4.76837158203125e-07], [30, 1650778387.2563822, 1650778387.2563827, 4.76837158203125e-07], [30, 1650778389.0419679, 1650778389.0419679, 0.0], [6, 1650778390.5073383, 1650778390.5073385, 2.384185791015625e-07]], "input_resolution": 12960, "PSNR": 36.50278002614834, "LPIPS": 0.055132340639829636, "tOF": 0.17765848338603973}, "08": {"total_time_taken": 1.0791780948638916, "total_frames": 96, "individual_fps": [87.74272367647582, 95.4592400684295, 94.29442427766803, 57.22639900490951], "average_fps": 88.9565869219276, "vsr_time": [[30, 1650778430.2713137, 1650778430.6132207, 0.3419070243835449], [30, 1650778431.369883, 1650778431.684151, 0.3142678737640381], [30, 1650778432.4218132, 1650778432.739964, 0.31815075874328613], [6, 1650778433.4838557, 1650778433.5887005, 0.10484480857849121]], "vi_time": [[30, 1650778430.6132214, 1650778430.6132216, 2.384185791015625e-07], [30, 1650778431.6841524, 1650778431.6841524, 0.0], [30, 1650778432.739965, 1650778432.7399652, 2.384185791015625e-07], [6, 1650778433.5887012, 1650778433.5887012, 0.0]], "input_resolution": 8640, "PSNR": 32.817405160070784, "LPIPS": 0.07048363983631134, "tOF": 0.3344165086746216}, "09": {"total_time_taken": 0.8660304546356201, "total_frames": 101, "individual_fps": [120.58927483008323, 121.62361851885503, 119.13007830658576, 92.6207190062072], "average_fps": 116.62407419897892, "vsr_time": [[30, 1650778452.1747808, 1650778452.423557, 0.24877619743347168], [30, 1650778452.961853, 1650778453.208513, 0.2466599941253662], [30, 1650778453.8143055, 1650778454.0661268, 0.25182127952575684], [11, 1650778454.6034596, 1650778454.7222211, 0.11876153945922852]], "vi_time": [[30, 1650778452.423558, 1650778452.4235582, 2.384185791015625e-07], [30, 1650778453.208514, 1650778453.2085142, 2.384185791015625e-07], [30, 1650778454.0661275, 1650778454.0661278, 2.384185791015625e-07], [11, 1650778454.722222, 1650778454.7222223, 2.384185791015625e-07]], "input_resolution": 6868, "PSNR": 32.25949121035094, "LPIPS": 0.06631901860237122, "tOF": 0.15439443290233612}}}