{"VidCatAnimation": {"01": {"total_time_taken": 10.827264547348022, "total_frames": 97, "individual_fps": [4.924116883221577, 13.792255588297579, 14.034105915356228, 16.586958842940376], "average_fps": 8.958864870791276, "vsr_time": [[30, 1650300586.384729, 1650300590.6805995, 4.295870542526245], [30, 1650300596.5676477, 1650300597.6250992, 1.0574514865875244], [30, 1650300602.4271035, 1650300603.4496214, 1.0225179195404053], [7, 1650300608.249321, 1650300608.5913846, 0.34206366539001465]], "vi_time": [[30, 1650300590.6806006, 1650300592.4771898, 1.7965891361236572], [30, 1650300597.6251006, 1650300598.7427793, 1.1176786422729492], [30, 1650300603.4496226, 1650300604.5647514, 1.115128755569458], [7, 1650300608.5913858, 1650300608.671338, 0.07995223999023438]], "PSNR": 33.09743432784668, "LPIPS": 0.08447857201099396, "tOF": 2.336313247680664}, "02": {"total_time_taken": 9.303825855255127, "total_frames": 96, "individual_fps": [10.504902558687569, 9.725042836705782, 10.62205244002905, 11.13411826333794], "average_fps": 10.318335864570793, "vsr_time": [[30, 1650300725.484993, 1650300726.830392, 1.3453989028930664], [30, 1650300732.4386265, 1650300734.0731332, 1.6345067024230957], [30, 1650300739.5865855, 1650300740.9723196, 1.3857340812683105], [6, 1650300746.5551658, 1650300746.9906163, 0.43545055389404297]], "vi_time": [[30, 1650300726.830393, 1650300728.3408, 1.5104069709777832], [30, 1650300734.0731344, 1650300735.5234442, 1.4503097534179688], [30, 1650300740.9723208, 1650300742.4108965, 1.4385757446289062], [6, 1650300746.9906173, 1650300747.0940483, 0.10343098640441895]], "PSNR": 34.67004629260651, "LPIPS": 0.04892800375819206, "tOF": 1.0675958395004272}, "03": {"total_time_taken": 9.162506580352783, "total_frames": 96, "individual_fps": [10.756808261778929, 10.225296143972656, 10.35573767267262, 11.055218933611554], "average_fps": 10.477482243325573, "vsr_time": [[30, 1650300880.9701834, 1650300882.3249838, 1.3548004627227783], [30, 1650300888.3119633, 1650300889.8122008, 1.5002374649047852], [30, 1650300895.6896496, 1650300897.1457734, 1.4561238288879395], [6, 1650300903.018708, 1650300903.456704, 0.43799591064453125]], "vi_time": [[30, 1650300882.3249846, 1650300883.7591138, 1.434129238128662], [30, 1650300889.8122015, 1650300891.2458615, 1.4336600303649902], [30, 1650300897.1457744, 1650300898.5865934, 1.4408190250396729], [6, 1650300903.456705, 1650300903.561437, 0.10473179817199707]], "PSNR": 32.709915257302264, "LPIPS": 0.04622999206185341, "tOF": 1.3432990312576294}, "04": {"total_time_taken": 9.16013240814209, "total_frames": 101, "individual_fps": [11.373854234130569, 11.072533211452193, 11.42436279882594, 9.266045199374034], "average_fps": 11.026041491520907, "vsr_time": [[30, 1650301044.1354125, 1650301045.3415473, 1.2061347961425781], [30, 1650301051.0995224, 1650301052.3729913, 1.2734689712524414], [30, 1650301058.152041, 1650301059.344345, 1.1923041343688965], [11, 1650301065.2977118, 1650301065.970362, 0.6726500988006592]], "vi_time": [[30, 1650301045.3415477, 1650301046.7730396, 1.4314918518066406], [30, 1650301052.3729932, 1650301053.8089283, 1.4359350204467773], [30, 1650301059.3443458, 1650301060.7780056, 1.4336597919464111], [11, 1650301065.9703631, 1650301066.4848406, 0.5144774913787842]], "PSNR": 35.73182250648636, "LPIPS": 0.029216056689620018, "tOF": 0.579210638999939}, "05": {"total_time_taken": 9.164656639099121, "total_frames": 101, "individual_fps": [11.256520203550942, 11.310918865994923, 11.23009339793873, 9.355041631723488], "average_fps": 11.020598367985146, "vsr_time": [[30, 1650301209.857392, 1650301211.089265, 1.2318730354309082], [30, 1650301216.8685606, 1650301218.0834014, 1.2148408889770508], [30, 1650301223.9090192, 1650301225.144543, 1.2355237007141113], [11, 1650301230.9766366, 1650301231.6409283, 0.6642916202545166]], "vi_time": [[30, 1650301211.089266, 1650301212.522513, 1.4332468509674072], [30, 1650301218.0834026, 1650301219.520863, 1.4374604225158691], [30, 1650301225.144544, 1650301226.5804105, 1.4358665943145752], [11, 1650301231.640929, 1650301232.1524715, 0.511542558670044]], "PSNR": 36.74652584010364, "LPIPS": 0.02559405192732811, "tOF": 1.2862918376922607}}}