{"VidCatAnimation": {"01": {"total_time_taken": 15.550019264221191, "total_frames": 97, "individual_fps": [4.66758212454519, 13.7271003144626], "average_fps": 6.237934394279875, "vsr_time": [[60, 1650379335.36422, 1650379344.5723128, 9.20809292793274], [37, 1650379354.1719317, 1650379355.3832378, 1.211306095123291]], "vi_time": [[60, 1650379344.5723143, 1650379348.21884, 3.6465256214141846], [37, 1650379355.3832393, 1650379356.867328, 1.484088659286499]], "input_resolution": 19788, "PSNR": 33.22590691866681, "LPIPS": 0.08316055685281754, "tOF": 2.3080596923828125}, "02": {"total_time_taken": 8.856591939926147, "total_frames": 96, "individual_fps": [11.099933177635018, 10.431293435961354], "average_fps": 10.839383890684312, "vsr_time": [[60, 1650379486.3606088, 1650379488.7066495, 2.346040725708008], [36, 1650379498.825969, 1650379500.4863334, 1.6603643894195557]], "vi_time": [[60, 1650379488.706651, 1650379491.7660449, 3.059393882751465], [36, 1650379500.4863346, 1650379502.277121, 1.7907865047454834]], "input_resolution": 25920, "PSNR": 34.994292802204974, "LPIPS": 0.041142914444208145, "tOF": 1.0571818351745605}, "03": {"total_time_taken": 8.803176164627075, "total_frames": 96, "individual_fps": [11.295603974773364, 10.311123226896898], "average_fps": 10.905154935527387, "vsr_time": [[60, 1650379649.095871, 1650379651.3659534, 2.270082473754883], [36, 1650379662.3357718, 1650379664.0407255, 1.704953670501709]], "vi_time": [[60, 1650379651.3659546, 1650379654.4076679, 3.041713237762451], [36, 1650379664.0407264, 1650379665.827145, 1.7864186763763428]], "input_resolution": 25920, "PSNR": 32.78002256151342, "LPIPS": 0.0440705232322216, "tOF": 1.3424071073532104}, "04": {"total_time_taken": 9.105619430541992, "total_frames": 101, "individual_fps": [11.183609298503356, 10.960734752094721], "average_fps": 11.092051537013138, "vsr_time": [[60, 1650379813.3232005, 1650379815.6495972, 2.3263967037200928], [41, 1650379826.266179, 1650379827.903169, 1.6369898319244385]], "vi_time": [[60, 1650379815.6495984, 1650379818.688193, 3.0385947227478027], [41, 1650379827.9031703, 1650379830.006802, 2.1036317348480225]], "input_resolution": 27270, "PSNR": 35.61375466416173, "LPIPS": 0.029322542250156403, "tOF": 0.5913582444190979}, "05": {"total_time_taken": 8.973247289657593, "total_frames": 101, "individual_fps": [11.348505033921967, 11.12254323341315], "average_fps": 11.25567999406534, "vsr_time": [[60, 1650379986.8588958, 1650379989.1068406, 2.2479448318481445], [41, 1650379999.6596498, 1650380001.2585425, 1.5988926887512207]], "vi_time": [[60, 1650379989.1068418, 1650379992.1459346, 3.039092779159546], [41, 1650380001.2585437, 1650380003.345855, 2.087311267852783]], "input_resolution": 27270, "PSNR": 36.619514535489266, "LPIPS": 0.026079487055540085, "tOF": 1.3022271394729614}, "06": {"total_time_taken": 2.254915952682495, "total_frames": 97, "individual_fps": [43.70198669516479, 41.95103337257505], "average_fps": 43.01712437867441, "vsr_time": [[60, 1650380156.5227041, 1650380156.9874945, 0.46479034423828125], [37, 1650380159.7261155, 1650380160.044006, 0.31789064407348633]], "vi_time": [[60, 1650380156.987496, 1650380157.8956382, 0.9081423282623291], [37, 1650380160.044007, 1650380160.6080947, 0.5640876293182373]], "input_resolution": 9894, "PSNR": 33.401128676303074, "LPIPS": 0.08872885257005692, "tOF": 2.351121664047241}, "07": {"total_time_taken": 2.6098711490631104, "total_frames": 96, "individual_fps": [37.53850908755695, 35.590266419742086], "average_fps": 36.78342512597298, "vsr_time": [[60, 1650380188.8783422, 1650380189.4605355, 0.5821933746337891], [36, 1650380192.5623817, 1650380192.9738271, 0.41144537925720215]], "vi_time": [[60, 1650380189.4605365, 1650380190.4766998, 1.0161633491516113], [36, 1650380192.973828, 1650380193.573893, 0.6000649929046631]], "input_resolution": 12960, "PSNR": 35.08512604989389, "LPIPS": 0.05895046517252922, "tOF": 0.9265751838684082}, "08": {"total_time_taken": 1.7796971797943115, "total_frames": 96, "individual_fps": [53.42067729639301, 54.83319763780843], "average_fps": 53.941761042232585, "vsr_time": [[60, 1650380229.4521964, 1650380229.767052, 0.31485557556152344], [36, 1650380231.7878032, 1650380231.9767087, 0.1889054775238037]], "vi_time": [[60, 1650380229.7670531, 1650380230.5753555, 0.8083024024963379], [36, 1650380231.9767096, 1650380232.444338, 0.46762847900390625]], "input_resolution": 8640, "PSNR": 31.781325055812914, "LPIPS": 0.07622157037258148, "tOF": 1.2724741697311401}, "09": {"total_time_taken": 1.6928353309631348, "total_frames": 101, "individual_fps": [59.381592757311026, 60.08019615118287], "average_fps": 59.66321599782318, "vsr_time": [[60, 1650380249.1763458, 1650380249.4103649, 0.23401904106140137], [41, 1650380251.039022, 1650380251.1936862, 0.1546642780303955]], "vi_time": [[60, 1650380249.4103656, 1650380250.1867585, 0.776392936706543], [41, 1650380251.1936867, 1650380251.7214417, 0.5277550220489502]], "input_resolution": 6868, "PSNR": 32.50125814067218, "LPIPS": 0.062218207865953445, "tOF": 0.22888165712356567}}}