{"Experiment1": {"01": {"total_time_taken": 20.91627836227417, "total_frames": 1200, "individual_fps": [57.37158299463018], "average_fps": 57.37158299463018, "vsr_time": [[1200, 1650924821.1490295, 1650924824.557442, 3.408412456512451]], "vi_time": [[1200, 1650924824.5574427, 1650924842.0653067, 17.507863998413086]], "input_resolution": 54000}}}