{"Experiment1": {"01": {"total_time_taken": 21.101672649383545, "total_frames": 1200, "individual_fps": [56.86752988441683], "average_fps": 56.86752988441683, "vsr_time": [[1200, 1650924861.3721497, 1650924864.7835479, 3.41139817237854]], "vi_time": [[1200, 1650924864.7835484, 1650924882.473821, 17.690272569656372]], "input_resolution": 54000}}}