{"VidCatAnimation": {"01": {"total_time_taken": 15.823821306228638, "total_frames": 97, "individual_fps": [4.37192511631737, 17.61997062302152], "average_fps": 6.129998444927994, "vsr_time": [[60, 1650780556.5826316, 1650780570.3065495, 13.723917961120605], [37, 1650780578.6589384, 1650780580.7588253, 2.099886894226074]], "vi_time": [[60, 1650780570.3065512, 1650780570.3065515, 2.384185791015625e-07], [37, 1650780580.7588265, 1650780580.758827, 4.76837158203125e-07]], "input_resolution": 19788, "PSNR": 39.95627558510098, "LPIPS": 0.022817298769950867, "tOF": 0.38957712054252625}, "02": {"total_time_taken": 7.733543872833252, "total_frames": 96, "individual_fps": [11.350210473774702, 14.7100989574672], "average_fps": 12.413455147934599, "vsr_time": [[60, 1650780704.303427, 1650780709.58967, 5.286242961883545], [36, 1650780717.5990875, 1650780720.0463827, 2.4472951889038086]], "vi_time": [[60, 1650780709.589671, 1650780709.5896711, 2.384185791015625e-07], [36, 1650780720.0463839, 1650780720.0463843, 4.76837158203125e-07]], "input_resolution": 25920, "PSNR": 37.40506669258196, "LPIPS": 0.026973897591233253, "tOF": 0.17881041765213013}, "03": {"total_time_taken": 7.571771621704102, "total_frames": 96, "individual_fps": [11.686077426864337, 14.769492249914046], "average_fps": 12.67867083111974, "vsr_time": [[60, 1650780877.7672563, 1650780882.9015646, 5.134308338165283], [36, 1650780892.3708932, 1650780894.808346, 2.437452793121338]], "vi_time": [[60, 1650780882.9015696, 1650780882.9015698, 2.384185791015625e-07], [36, 1650780894.808348, 1650780894.8083482, 2.384185791015625e-07]], "input_resolution": 25920, "PSNR": 37.806921537148476, "LPIPS": 0.027495354413986206, "tOF": 0.14231446385383606}, "04": {"total_time_taken": 11.474122047424316, "total_frames": 101, "individual_fps": [7.593610399559286, 11.475778948609648], "average_fps": 8.802416392518, "vsr_time": [[60, 1650781054.5034134, 1650781062.4047909, 7.901377439498901], [41, 1650781071.1422343, 1650781074.714974, 3.572739601135254]], "vi_time": [[60, 1650781062.4047918, 1650781062.4047918, 0.0], [41, 1650781074.7149749, 1650781074.714975, 2.384185791015625e-07]], "input_resolution": 27270, "PSNR": 37.142428179696495, "LPIPS": 0.026905979961156845, "tOF": 0.17132288217544556}, "05": {"total_time_taken": 9.913083553314209, "total_frames": 101, "individual_fps": [10.645847373455307, 9.585972140519628], "average_fps": 10.188555302374406, "vsr_time": [[60, 1650781239.5666406, 1650781245.2026386, 5.635998010635376], [41, 1650781253.990616, 1650781258.2676957, 4.2770795822143555]], "vi_time": [[60, 1650781245.2026396, 1650781245.2026398, 2.384185791015625e-07], [41, 1650781258.267697, 1650781258.2676973, 2.384185791015625e-07]], "input_resolution": 27270, "PSNR": 41.62399219262954, "LPIPS": 0.01638348214328289, "tOF": 0.48444852232933044}, "06": {"total_time_taken": 1.4550282955169678, "total_frames": 97, "individual_fps": [68.23100012553117, 64.27375891694525], "average_fps": 66.6653702191655, "vsr_time": [[60, 1650781422.8854818, 1650781423.7648442, 0.8793623447418213], [37, 1650781425.9180233, 1650781426.493683, 0.5756597518920898]], "vi_time": [[60, 1650781423.7648458, 1650781423.764846, 2.384185791015625e-07], [37, 1650781426.4936843, 1650781426.4936845, 2.384185791015625e-07]], "input_resolution": 9894, "PSNR": 38.888646490329485, "LPIPS": 0.037013694643974304, "tOF": 0.3633745610713959}, "07": {"total_time_taken": 1.8382680416107178, "total_frames": 96, "individual_fps": [53.68141099096501, 49.96095437220966], "average_fps": 52.22306966501108, "vsr_time": [[60, 1650781458.5457563, 1650781459.6634593, 1.1177029609680176], [36, 1650781462.1504745, 1650781462.8710346, 0.7205600738525391]], "vi_time": [[60, 1650781459.6634603, 1650781459.6634603, 0.0], [36, 1650781462.8710356, 1650781462.8710358, 2.384185791015625e-07]], "input_resolution": 12960, "PSNR": 36.37199128655009, "LPIPS": 0.05648927018046379, "tOF": 0.18552830815315247}, "08": {"total_time_taken": 0.9585623741149902, "total_frames": 96, "individual_fps": [100.71945716931761, 99.21502126295096], "average_fps": 100.14997729139297, "vsr_time": [[60, 1650781503.9103467, 1650781504.5060587, 0.5957119464874268], [36, 1650781506.0508633, 1650781506.4137096, 0.36284637451171875]], "vi_time": [[60, 1650781504.50606, 1650781504.50606, 0.0], [36, 1650781506.4137106, 1650781506.4137108, 2.384185791015625e-07]], "input_resolution": 8640, "PSNR": 32.83465750884246, "LPIPS": 0.06964638829231262, "tOF": 0.33165591955184937}, "09": {"total_time_taken": 0.7896974086761475, "total_frames": 101, "individual_fps": [130.920623029622, 123.71590152883682], "average_fps": 127.8970893032521, "vsr_time": [[60, 1650781525.8248973, 1650781526.2831886, 0.45829129219055176], [41, 1650781527.4990804, 1650781527.8304822, 0.3314018249511719]], "vi_time": [[60, 1650781526.2831893, 1650781526.2831893, 0.0], [41, 1650781527.8304832, 1650781527.8304834, 2.384185791015625e-07]], "input_resolution": 6868, "PSNR": 31.691506982803038, "LPIPS": 0.08637621998786926, "tOF": 0.15874221920967102}}}