{"Experiment1": {"01": {"total_time_taken": 21.181787490844727, "total_frames": 1200, "individual_fps": [56.64203550292741, 56.67326827256988], "average_fps": 56.6524426004495, "vsr_time": [[800, 1650924617.61974, 1650924619.939711, 2.3199710845947266], [400, 1650924631.7458053, 1650924632.9091918, 1.163386583328247]], "vi_time": [[800, 1650924619.939712, 1650924631.7435248, 11.803812742233276], [400, 1650924632.9091933, 1650924638.803805, 5.894611835479736]], "input_resolution": 54000}}}