{"Experiment1": {"01": {"total_time_taken": 7.142856121063232, "total_frames": 1200, "individual_fps": [55.85047591636112, 56.150342958813546], "average_fps": 168.0000240325962, "vsr_time": [[200, 1650924405.411451, 1650924406.052508, 0.641057014465332], [200, 1650924408.9934573, 1650924409.5773392, 0.5838818550109863]], "vi_time": [[200, 1650924406.052509, 1650924408.9924395, 2.9399304389953613], [200, 1650924409.57734, 1650924412.5553217, 2.9779818058013916]], "input_resolution": 54000}}}