{"Experiment1": {"01": {"total_time_taken": 21.099921703338623, "total_frames": 1200, "individual_fps": [56.93851407049695, 56.15338375257887], "average_fps": 56.87224895294872, "vsr_time": [[1100, 1650924739.907035, 1650924743.026343, 3.1193079948425293], [100, 1650924759.2270207, 1650924759.5410564, 0.31403565406799316]], "vi_time": [[1100, 1650924743.0263443, 1650924759.2261186, 16.199774265289307], [100, 1650924759.5410573, 1650924761.0078564, 1.466799020767212]], "input_resolution": 54000}}}