{"VidCatText": {"01": {"total_time_taken": 11.269071578979492, "total_frames": 101, "individual_fps": [7.837652387750678, 9.143700253123054, 9.129380544379853, 9.112865764658288, 9.071069947500176, 9.06173937353654, 9.08656131294544, 9.025773450999885, 9.11380038790599, 8.857009157914476, 15.124419443242463], "average_fps": 8.962583944217558, "vsr_time": [0.8284931182861328, 0.6777093410491943, 0.6806638240814209, 0.681396484375, 0.6875884532928467, 0.6886701583862305, 0.6852350234985352, 0.6909153461456299, 0.6818070411682129, 0.7139625549316406, 0.06609010696411133], "vi_time": [0.44739651679992676, 0.4159359931945801, 0.41469740867614746, 0.41594958305358887, 0.4148135185241699, 0.41486692428588867, 0.41528773307800293, 0.4170196056365967, 0.41542673110961914, 0.4150831699371338, 2.5272369384765625e-05]}, "vid2": {"total_time_taken": 3.182215452194214, "total_frames": 90, "individual_fps": [26.372718727108673, 24.579134799809427, 29.02724931035867, 30.234796474160277, 28.862299513078614, 28.85358315028848, 29.042685637445594, 29.239785813527266, 29.276809128900062], "average_fps": 28.28218307404134, "vsr_time": [0.21401309967041016, 0.19449496269226074, 0.1920912265777588, 0.18085718154907227, 0.19374942779541016, 0.19315552711486816, 0.19292306900024414, 0.1882936954498291, 0.19133257865905762], "vi_time": [0.16516399383544922, 0.21235203742980957, 0.15240883827209473, 0.14988470077514648, 0.15272045135498047, 0.15341901779174805, 0.15139460563659668, 0.1537032127380371, 0.15023231506347656]}}}