{"VidCatText": {"01": {"total_time_taken": 8.694545269012451, "total_frames": 101, "individual_fps": [10.355045669749337, 12.128352856860097, 10.383385015440266, 12.971215050961831, 12.70908974939546, 13.815094053747822], "average_fps": 11.616478708779193, "vsr_time": [[20, 1650771340.657458, 1650771342.5888727, 1.9314146041870117], [20, 1650771345.579047, 1650771347.2280717, 1.6490247249603271], [20, 1650771350.1787124, 1650771352.1048636, 1.9261512756347656], [20, 1650771355.0187213, 1650771356.560594, 1.5418727397918701], [20, 1650771359.4867535, 1650771361.0604274, 1.573673963546753], [1, 1650771364.0107944, 1650771364.0831757, 0.07238125801086426]], "vi_time": [[20, 1650771342.5888734, 1650771342.588874, 7.152557373046875e-07], [20, 1650771347.2280726, 1650771347.2280731, 4.76837158203125e-07], [20, 1650771352.1048653, 1650771352.1048656, 2.384185791015625e-07], [20, 1650771356.5605953, 1650771356.5605955, 2.384185791015625e-07], [20, 1650771361.0604289, 1650771361.0604289, 0.0], [1, 1650771364.0831769, 1650771364.0831769, 0.0]], "input_resolution": 27270, "PSNR": 39.19874469413377, "LPIPS": 0.03150331601500511, "tOF": 0.047080691903829575}, "vid2": {"total_time_taken": 2.0048904418945312, "total_frames": 90, "individual_fps": [44.24417979092606, 47.74767739298818, 45.837033507568464, 46.628272094156934, 37.211751815427476], "average_fps": 44.890233460813974, "vsr_time": [[20, 1650771542.4798627, 1650771542.9318979, 0.45203518867492676], [20, 1650771543.8975136, 1650771544.3163798, 0.4188661575317383], [20, 1650771545.299741, 1650771545.7360673, 0.436326265335083], [20, 1650771546.650881, 1650771547.0798037, 0.4289226531982422], [10, 1650771547.964969, 1650771548.2336986, 0.26872968673706055]], "vi_time": [[20, 1650771542.9318986, 1650771542.9318988, 2.384185791015625e-07], [20, 1650771544.316381, 1650771544.316381, 0.0], [20, 1650771545.736068, 1650771545.7360682, 2.384185791015625e-07], [20, 1650771547.0798044, 1650771547.0798047, 2.384185791015625e-07], [10, 1650771548.2336996, 1650771548.2336996, 0.0]], "input_resolution": 14040, "PSNR": 35.45638070597188, "LPIPS": 0.035969026386737823, "tOF": 0.17431612312793732}}}