{"Experiment1": {"01": {"total_time_taken": 21.161144971847534, "total_frames": 1200, "individual_fps": [56.707706581872664], "average_fps": 56.707706581872664, "vsr_time": [[1200, 1650924902.044395, 1650924905.4776142, 3.4332191944122314]], "vi_time": [[1200, 1650924905.477615, 1650924923.2055383, 17.727923154830933]], "input_resolution": 54000}}}