{"VidCatText": {"01": {"total_time_taken": 8.778921365737915, "total_frames": 101, "individual_fps": [11.485217400447853, 13.87404445061906], "average_fps": 11.504830239644185, "vsr_time": [3.567391872406006, 0.07196974754333496], "vi_time": [5.139449119567871, 0.00010418891906738281]}, "vid2": {"total_time_taken": 2.5864076614379883, "total_frames": 90, "individual_fps": [34.797298717388536], "average_fps": 34.797298717388536, "vsr_time": [0.8642151355743408], "vi_time": [1.722188949584961]}}}