{"Experiment1": {"01": {"total_time_taken": 0.45019030570983887, "total_frames": 1200, "individual_fps": [38.134508501451535, 53.202632286608726], "average_fps": 2665.5394058472593, "vsr_time": [[10, 1650924318.3417692, 1650924318.4474802, 0.10571098327636719], [10, 1650924318.604318, 1650924318.6727753, 0.06845736503601074]], "vi_time": [[10, 1650924318.4474812, 1650924318.6039975, 0.15651631355285645], [10, 1650924318.672776, 1650924318.7922773, 0.11950135231018066]], "input_resolution": 54000}}}