{"VidCatAnimation": {"01": {"total_time_taken": 9.602166175842285, "total_frames": 97, "individual_fps": [4.4193689832410685, 13.053933830938288, 15.966148432545438, 16.027969339654636, 16.282604123540427], "average_fps": 10.101887243322086, "vsr_time": [[20, 1650776269.1802247, 1650776273.7057471, 4.525522470474243], [20, 1650776282.9369347, 1650776284.469036, 1.5321013927459717], [20, 1650776287.7685795, 1650776289.0212271, 1.2526476383209229], [20, 1650776291.3064158, 1650776292.5542316, 1.2478158473968506], [17, 1650776294.8094091, 1650776295.853465, 1.0440559387207031]], "vi_time": [[20, 1650776273.7057483, 1650776273.7057486, 2.384185791015625e-07], [20, 1650776284.4690373, 1650776284.4690375, 2.384185791015625e-07], [20, 1650776289.0212278, 1650776289.0212283, 4.76837158203125e-07], [20, 1650776292.5542328, 1650776292.554233, 2.384185791015625e-07], [17, 1650776295.8534665, 1650776295.853467, 4.76837158203125e-07]], "input_resolution": 19788, "PSNR": 39.93908166153873, "LPIPS": 0.02287936955690384, "tOF": 0.3915441930294037}, "02": {"total_time_taken": 8.082161903381348, "total_frames": 96, "individual_fps": [12.056652963302744, 12.428040593545562, 11.404144293025569, 11.975662671689761, 11.508634880620114], "average_fps": 11.878010011137777, "vsr_time": [[20, 1650776434.2589602, 1650776435.9177928, 1.6588325500488281], [20, 1650776438.5942576, 1650776440.2035193, 1.6092617511749268], [20, 1650776442.945509, 1650776444.6992548, 1.7537457942962646], [20, 1650776447.3591204, 1650776449.029171, 1.6700506210327148], [16, 1650776451.666353, 1650776453.056606, 1.3902530670166016]], "vi_time": [[20, 1650776435.917794, 1650776435.9177942, 2.384185791015625e-07], [20, 1650776440.2035205, 1650776440.2035208, 2.384185791015625e-07], [20, 1650776444.6992557, 1650776444.6992557, 0.0], [20, 1650776449.0291722, 1650776449.0291722, 0.0], [16, 1650776453.0566118, 1650776453.056612, 2.384185791015625e-07]], "input_resolution": 25920, "PSNR": 37.52821021833218, "LPIPS": 0.026307865977287292, "tOF": 0.1812840700149536}, "03": {"total_time_taken": 8.217804431915283, "total_frames": 96, "individual_fps": [12.032538284236782, 12.273418723098061, 11.852752795891117, 11.417522612555778, 10.759617482790492], "average_fps": 11.68195237491503, "vsr_time": [[20, 1650776630.7135441, 1650776632.3757014, 1.6621572971343994], [20, 1650776635.3934505, 1650776637.0229857, 1.62953519821167], [20, 1650776640.1951957, 1650776641.882565, 1.6873693466186523], [20, 1650776645.0280921, 1650776646.7797828, 1.7516906261444092], [16, 1650776649.7142034, 1650776651.2012424, 1.4870390892028809]], "vi_time": [[20, 1650776632.3757026, 1650776632.3757029, 2.384185791015625e-07], [20, 1650776637.022987, 1650776637.022987, 0.0], [20, 1650776641.882566, 1650776641.8825662, 2.384185791015625e-07], [20, 1650776646.779784, 1650776646.779784, 0.0], [16, 1650776651.2012432, 1650776651.2012436, 4.76837158203125e-07]], "input_resolution": 25920, "PSNR": 37.85602882615263, "LPIPS": 0.026459187269210815, "tOF": 0.14357295632362366}, "04": {"total_time_taken": 8.35968804359436, "total_frames": 101, "individual_fps": [12.163759785186286, 11.620822372645337, 12.441479746537313, 11.752151252729432, 12.435793454485077, 13.019440831644198], "average_fps": 12.081790549276727, "vsr_time": [[20, 1650776842.4464664, 1650776844.090692, 1.6442255973815918], [20, 1650776846.9716384, 1650776848.6926813, 1.7210428714752197], [20, 1650776851.5867229, 1650776853.1942463, 1.6075234413146973], [20, 1650776856.0501397, 1650776857.7519534, 1.7018136978149414], [20, 1650776860.6903598, 1650776862.2986183, 1.6082584857940674], [1, 1650776865.296381, 1650776865.3731868, 0.07680583000183105]], "vi_time": [[20, 1650776844.0906928, 1650776844.0906932, 4.76837158203125e-07], [20, 1650776848.6926847, 1650776848.692685, 2.384185791015625e-07], [20, 1650776853.1942475, 1650776853.1942475, 0.0], [20, 1650776857.7519543, 1650776857.7519548, 4.76837158203125e-07], [20, 1650776862.2986195, 1650776862.2986197, 2.384185791015625e-07], [1, 1650776865.3731878, 1650776865.3731878, 0.0]], "input_resolution": 27270, "PSNR": 37.38544092265626, "LPIPS": 0.024920109659433365, "tOF": 0.1723833680152893}, "05": {"total_time_taken": 8.343169450759888, "total_frames": 101, "individual_fps": [12.501312184975012, 11.313996900340596, 13.148914932623748, 12.11730515527386, 11.557173552799009, 13.60201583219559], "average_fps": 12.10571121635328, "vsr_time": [[20, 1650777047.041173, 1650777048.6410034, 1.5998303890228271], [20, 1650777051.5439775, 1650777053.311697, 1.7677195072174072], [20, 1650777056.2281067, 1650777057.749142, 1.5210351943969727], [20, 1650777060.7010686, 1650777062.3515985, 1.6505298614501953], [20, 1650777065.2944589, 1650777067.0249834, 1.7305245399475098], [1, 1650777069.9642987, 1650777070.0378137, 0.07351493835449219]], "vi_time": [[20, 1650777048.6410038, 1650777048.6410043, 4.76837158203125e-07], [20, 1650777053.311698, 1650777053.3116982, 2.384185791015625e-07], [20, 1650777057.7491434, 1650777057.7491436, 2.384185791015625e-07], [20, 1650777062.3515995, 1650777062.3515995, 0.0], [20, 1650777067.0249844, 1650777067.0249844, 0.0], [1, 1650777070.037815, 1650777070.0378158, 7.152557373046875e-07]], "input_resolution": 27270, "PSNR": 42.02574585209275, "LPIPS": 0.013073412701487541, "tOF": 0.46196138858795166}, "06": {"total_time_taken": 1.652134656906128, "total_frames": 97, "individual_fps": [56.58943187329959, 59.2034926682057, 59.95083073193601, 59.45361635777313, 58.4412437514497], "average_fps": 58.71192132828154, "vsr_time": [[20, 1650777239.3675623, 1650777239.7209828, 0.3534204959869385], [20, 1650777240.4124918, 1650777240.7503068, 0.3378150463104248], [20, 1650777241.4593575, 1650777241.7929626, 0.3336050510406494], [20, 1650777242.7687523, 1650777243.1051471, 0.3363947868347168], [17, 1650777243.9675827, 1650777244.2584713, 0.29088854789733887]], "vi_time": [[20, 1650777239.7209835, 1650777239.7209837, 2.384185791015625e-07], [20, 1650777240.7503076, 1650777240.7503078, 2.384185791015625e-07], [20, 1650777241.7929633, 1650777241.7929633, 0.0], [20, 1650777243.1051478, 1650777243.105148, 2.384185791015625e-07], [17, 1650777244.258472, 1650777244.2584722, 2.384185791015625e-07]], "input_resolution": 9894, "PSNR": 38.85992108862767, "LPIPS": 0.03730444982647896, "tOF": 0.36588048934936523}, "07": {"total_time_taken": 2.055518627166748, "total_frames": 96, "individual_fps": [44.95664099407642, 47.95378294654295, 48.1713553959148, 47.54985769520075, 44.720013061050416], "average_fps": 46.70354173940175, "vsr_time": [[20, 1650777275.874849, 1650777276.3197203, 0.444871187210083], [20, 1650777277.1715813, 1650777277.5886474, 0.4170660972595215], [20, 1650777278.3797522, 1650777278.7949343, 0.41518211364746094], [20, 1650777279.6338303, 1650777280.054439, 0.4206087589263916], [16, 1650777280.874505, 1650777281.2322836, 0.35777854919433594]], "vi_time": [[20, 1650777276.3197212, 1650777276.3197215, 2.384185791015625e-07], [20, 1650777277.588648, 1650777277.5886486, 4.76837158203125e-07], [20, 1650777278.794935, 1650777278.7949352, 2.384185791015625e-07], [20, 1650777280.05444, 1650777280.05444, 0.0], [16, 1650777281.232285, 1650777281.2322853, 2.384185791015625e-07]], "input_resolution": 12960, "PSNR": 36.686254618119385, "LPIPS": 0.053442370146512985, "tOF": 0.18858686089515686}, "08": {"total_time_taken": 1.1350736618041992, "total_frames": 96, "individual_fps": [78.02521590713552, 85.28527014194881, 86.423384134814, 89.38495291859931, 84.62517512323254], "average_fps": 84.57600879171844, "vsr_time": [[20, 1650777321.3439014, 1650777321.6002266, 0.25632524490356445], [20, 1650777322.0819368, 1650777322.3164418, 0.23450493812561035], [20, 1650777322.8237212, 1650777323.0551383, 0.23141717910766602], [20, 1650777323.5571868, 1650777323.7809365, 0.22374963760375977], [16, 1650777324.2717235, 1650777324.460791, 0.18906760215759277]],