{"Experiment1": {"01": {"total_time_taken": 10.638793230056763, "total_frames": 1200, "individual_fps": [56.27780058036804, 56.51745648376946], "average_fps": 112.79474786762046, "vsr_time": [[300, 1650924434.2465532, 1650924435.13527, 0.8887169361114502], [300, 1650924439.5789778, 1650924440.443561, 0.8645832538604736]], "vi_time": [[300, 1650924435.135271, 1650924439.5772498, 4.441978693008423], [300, 1650924440.443562, 1650924444.8870711, 4.443509101867676]], "input_resolution": 54000}}}