{"Experiment1": {"01": {"total_time_taken": 2.502882242202759, "total_frames": 1200, "individual_fps": [55.046692928724404, 56.85350526667199], "average_fps": 479.4472467645515, "vsr_time": [[70, 1650924360.0369508, 1650924360.300985, 0.2640342712402344], [70, 1650924361.3091345, 1650924361.5474727, 0.23833823204040527]], "vi_time": [[70, 1650924360.300986, 1650924361.3085973, 1.0076112747192383], [70, 1650924361.5474734, 1650924362.540368, 0.9928946495056152]], "input_resolution": 54000}}}