{"Experiment1": {"01": {"total_time_taken": 20.993672370910645, "total_frames": 1200, "individual_fps": [57.15774612571067, 57.162414806599976], "average_fps": 57.16008037082401, "vsr_time": [[600, 1650924535.3932836, 1650924537.1039312, 1.7106475830078125], [600, 1650924545.8938487, 1650924547.5780146, 1.6841659545898438]], "vi_time": [[600, 1650924537.1039321, 1650924545.890547, 8.786614894866943], [600, 1650924547.5780158, 1650924556.3902555, 8.812239646911621]], "input_resolution": 54000}}}