{"Experiment1": {"01": {"total_time_taken": 14.06477403640747, "total_frames": 1200, "individual_fps": [56.64871311292607, 57.112559995585464], "average_fps": 85.31953637461444, "vsr_time": [[400, 1650924464.654422, 1650924465.8089643, 1.1545422077178955], [400, 1650924471.71779, 1650924472.8478923, 1.1301023960113525]], "vi_time": [[400, 1650924465.8089652, 1650924471.7154813, 5.906516075134277], [400, 1650924472.847893, 1650924478.7215023, 5.873609304428101]], "input_resolution": 54000}}}