{"VidCatText": {"01": {"total_time_taken": 11.047167539596558, "total_frames": 101, "individual_fps": [7.576915746793277, 8.863672481242666, 10.242625673085142, 9.403387754241868, 8.986946303138112, 8.248977556894447, 10.14896408945056, 10.34698366829491, 9.749980182986008, 8.901815465199693, 7.484095219911889], "average_fps": 9.142615031227137, "vsr_time": [[10, 1650771078.8076313, 1650771080.127415, 1.3197836875915527], [10, 1650771081.6356852, 1650771082.7638817, 1.1281964778900146], [10, 1650771084.2490826, 1650771085.2253919, 0.9763092994689941], [10, 1650771086.7068417, 1650771087.7702856, 1.063443899154663], [10, 1650771089.2581735, 1650771090.370896, 1.112722635269165], [10, 1650771091.8562245, 1650771093.0684934, 1.2122688293457031], [10, 1650771094.5575075, 1650771095.542827, 0.9853193759918213], [10, 1650771097.0326738, 1650771097.9991357, 0.9664618968963623], [10, 1650771099.5206428, 1650771100.5462835, 1.0256407260894775], [10, 1650771102.014521, 1650771103.137884, 1.1233630180358887], [1, 1650771104.661, 1650771104.794614, 0.13361406326293945]], "vi_time": [[10, 1650771080.1274161, 1650771080.1274166, 4.76837158203125e-07], [10, 1650771082.7638826, 1650771082.7638834, 7.152557373046875e-07], [10, 1650771085.225393, 1650771085.2253933, 2.384185791015625e-07], [10, 1650771087.7702863, 1650771087.7702863, 0.0], [10, 1650771090.3708966, 1650771090.3708968, 2.384185791015625e-07], [10, 1650771093.0684946, 1650771093.0684948, 2.384185791015625e-07], [10, 1650771095.542828, 1650771095.5428283, 2.384185791015625e-07], [10, 1650771097.999137, 1650771097.9991372, 2.384185791015625e-07], [10, 1650771100.5462844, 1650771100.546285, 4.76837158203125e-07], [10, 1650771103.137885, 1650771103.1378853, 2.384185791015625e-07], [1, 1650771104.794615, 1650771104.7946153, 2.384185791015625e-07]], "input_resolution": 27270, "PSNR": 39.299514727706494, "LPIPS": 0.02720249444246292, "tOF": 0.0477711483836174}, "vid2": {"total_time_taken": 2.4263198375701904, "total_frames": 90, "individual_fps": [34.70195629061816, 37.6999146105793, 38.0353283959305, 38.34725613909335, 34.84445744116997, 37.764340225381126, 38.05261658552872, 36.93563854659902, 37.89518953901142], "average_fps": 37.0932136012742, "vsr_time": [[10, 1650771269.923772, 1650771270.211938, 0.288165807723999], [10, 1650771270.7190943, 1650771270.9843442, 0.26524996757507324], [10, 1650771271.4807782, 1650771271.7436898, 0.2629115581512451], [10, 1650771272.249707, 1650771272.5104792, 0.2607722282409668], [10, 1650771272.979743, 1650771273.2667305, 0.2869875431060791], [10, 1650771273.7466266, 1650771274.0114243, 0.2647976875305176], [10, 1650771274.5202935, 1650771274.7830849, 0.26279139518737793], [10, 1650771275.253354, 1650771275.5240927, 0.2707386016845703], [10, 1650771275.9996815, 1650771276.2635648, 0.2638833522796631]], "vi_time": [[10, 1650771270.2119389, 1650771270.211939, 2.384185791015625e-07], [10, 1650771270.9843452, 1650771270.9843454, 2.384185791015625e-07], [10, 1650771271.7436905, 1650771271.7436905, 0.0], [10, 1650771272.51048, 1650771272.5104802, 2.384185791015625e-07], [10, 1650771273.2667313, 1650771273.2667315, 2.384185791015625e-07], [10, 1650771274.011425, 1650771274.011425, 0.0], [10, 1650771274.7830858, 1650771274.7830858, 0.0], [10, 1650771275.5240934, 1650771275.5240936, 2.384185791015625e-07], [10, 1650771276.2635653, 1650771276.2635655, 2.384185791015625e-07]], "input_resolution": 14040, "PSNR": 35.56818652186694, "LPIPS": 0.034656282514333725, "tOF": 0.17209690809249878}}}