{"VidCatText": {"01": {"total_time_taken": 8.49597430229187, "total_frames": 101, "individual_fps": [12.575934871333384, 11.006837795353608], "average_fps": 11.887983226685877, "vsr_time": [[60, 1650772383.9774208, 1650772388.7484255, 4.771004676818848], [41, 1650772398.1615274, 1650772401.88648, 3.7249526977539062]], "vi_time": [[60, 1650772388.7484264, 1650772388.7484267, 2.384185791015625e-07], [41, 1650772401.8864818, 1650772401.886482, 2.384185791015625e-07]], "input_resolution": 27270, "PSNR": 38.70154802128538, "LPIPS": 0.06153947487473488, "tOF": 0.04922747239470482}, "vid2": {"total_time_taken": 1.7567062377929688, "total_frames": 90, "individual_fps": [52.67871661139054, 48.56519584458411], "average_fps": 51.232242513734775, "vsr_time": [[60, 1650772568.2073846, 1650772569.3463616, 1.13897705078125], [30, 1650772572.127593, 1650772572.7453158, 0.617722749710083]], "vi_time": [[60, 1650772569.3463626, 1650772569.3463628, 2.384185791015625e-07], [30, 1650772572.7453165, 1650772572.745317, 4.76837158203125e-07]], "input_resolution": 14040, "PSNR": 35.48988513311072, "LPIPS": 0.03565169498324394, "tOF": 0.1741943657398224}}}