{"VidCatVehicle": {"01": {"total_time_taken": 11.582524538040161, "total_frames": 100, "individual_fps": [7.281618492373257, 8.396273797977553, 11.131177191923078, 8.372298762011601], "average_fps": 8.633696364861805, "vsr_time": [[30, 1650299065.1874633, 1650299067.6318674, 2.444404125213623], [30, 1650299074.9219372, 1650299077.040106, 2.118168830871582], [30, 1650299083.0389786, 1650299084.2824295, 1.2434508800506592], [10, 1650299090.278228, 1650299091.0581744, 0.7799463272094727]], "vi_time": [[30, 1650299067.631869, 1650299069.307424, 1.6755549907684326], [30, 1650299077.0401073, 1650299078.4949486, 1.4548413753509521], [30, 1650299084.282431, 1650299085.7341092, 1.4516782760620117], [10, 1650299091.0581756, 1650299091.4726415, 0.41446590423583984]], "PSNR": 32.139181506122185, "LPIPS": 0.08231189846992493, "tOF": 1.4935603141784668}, "02": {"total_time_taken": 5.181769847869873, "total_frames": 120, "individual_fps": [23.40176610828493, 23.038934111812942, 23.123738871749183, 23.07153325464913], "average_fps": 23.158110746529918, "vsr_time": [[30, 1650299243.205304, 1650299243.7740498, 0.5687458515167236], [30, 1650299247.0946412, 1650299247.6859663, 0.591325044631958], [30, 1650299250.94934, 1650299251.5362823, 0.586942195892334], [30, 1650299254.8165948, 1650299255.406828, 0.5902330875396729]], "vi_time": [[30, 1650299243.7740507, 1650299244.4872565, 0.7132058143615723], [30, 1650299247.6859672, 1650299248.3967826, 0.7108154296875], [30, 1650299251.5362835, 1650299252.2467065, 0.7104229927062988], [30, 1650299255.406829, 1650299256.1168973, 0.7100682258605957]], "PSNR": 30.350148105996986, "LPIPS": 0.10382284224033356, "tOF": 0.10529505461454391}, "03": {"total_time_taken": 9.552379131317139, "total_frames": 101, "individual_fps": [10.688494918066333, 10.937789680036772, 10.836189733768725, 8.911662646143553], "average_fps": 10.573282175209634, "vsr_time": [[30, 1650299337.6204264, 1650299338.9851112, 1.364684820175171], [30, 1650299344.9242566, 1650299346.2211473, 1.2968907356262207], [30, 1650299352.220422, 1650299353.5435467, 1.323124647140503], [11, 1650299359.3040884, 1650299360.0232658, 0.7191774845123291]], "vi_time": [[30, 1650299338.9851127, 1650299340.427181, 1.442068338394165], [30, 1650299346.221149, 1650299347.667039, 1.445889949798584], [30, 1650299353.5435479, 1650299354.988921, 1.4453730583190918], [11, 1650299360.023267, 1650299360.5384238, 0.5151567459106445]], "PSNR": 29.157682501831275, "LPIPS": 0.1101093664765358, "tOF": 3.577350378036499}, "04": {"total_time_taken": 21.691882848739624, "total_frames": 240, "individual_fps": [11.170448944574726, 10.97990418280294, 11.42924410049594, 10.943417361879591, 11.072269170215485, 10.76625780041496, 11.24877771605394, 10.929639055331391], "average_fps": 11.064046476442448, "vsr_time": [[30, 1650299515.5208561, 1650299516.7754033, 1.254547119140625], [30, 1650299522.7112558, 1650299523.9993925, 1.2881367206573486], [30, 1650299530.003759, 1650299531.193692, 1.1899330615997314], [30, 1650299537.1665618, 1650299538.4636984, 1.2971365451812744], [30, 1650299544.1576204, 1650299545.4265094, 1.2688889503479004], [30, 1650299551.306238, 1650299552.6458144, 1.3395764827728271], [30, 1650299558.5967817, 1650299559.829078, 1.2322962284088135], [30, 1650299565.7523181, 1650299567.0540977, 1.3017795085906982]], "vi_time": [[30, 1650299516.775404, 1650299518.2065122, 1.4311082363128662], [30, 1650299523.9993937, 1650299525.4435182, 1.444124460220337], [30, 1650299531.1936932, 1650299532.6286027, 1.4349095821380615], [30, 1650299538.4636998, 1650299539.9079347, 1.444234848022461], [30, 1650299545.4265106, 1650299546.86709, 1.4405794143676758], [30, 1650299552.6458156, 1650299554.09272, 1.4469044208526611], [30, 1650299559.8290792, 1650299561.2637358, 1.4346566200256348], [30, 1650299567.0540986, 1650299568.4971461, 1.4430475234985352]], "PSNR": 37.52645725228216, "LPIPS": 0.020190013572573662, "tOF": 0.24218863248825073}, "foliage": {"total_time_taken": 1.1109206676483154, "total_frames": 49, "individual_fps": [44.420159826144854, 43.62284080234898], "average_fps": 44.107559996815134, "vsr_time": [[30, 1650299932.4603858, 1650299932.7156463, 0.2552604675292969], [19, 1650299934.8788757, 1650299935.0462232, 0.16734743118286133]], "vi_time": [[30, 1650299932.7156475, 1650299933.1357532, 0.4201056957244873], [19, 1650299935.0462239, 1650299935.314426, 0.2682020664215088]], "PSNR": 24.77386677721571, "LPIPS": 0.13792146742343903, "tOF": 0.20454923808574677}}}