{"Experiment1": {"01": {"total_time_taken": 21.027313709259033, "total_frames": 1200, "individual_fps": [56.962690525812405, 57.60429773275397], "average_fps": 57.06863066734005, "vsr_time": [[1000, 1650924699.0759234, 1650924701.933655, 2.857731580734253], [200, 1650924716.6326442, 1650924717.2052066, 0.5725624561309814]], "vi_time": [[1000, 1650924701.9336557, 1650924716.6312728, 14.697617053985596], [200, 1650924717.2052078, 1650924720.1046047, 2.8993968963623047]], "input_resolution": 54000}}}