{"VidCatText": {"01": {"total_time_taken": 8.51650333404541, "total_frames": 101, "individual_fps": [10.95036195711654, 11.837291652379125, 13.226270881345867, 11.2902575667923], "average_fps": 11.859327242466323, "vsr_time": [[30, 1650771612.5061758, 1650771615.2458017, 2.739625930786133], [30, 1650771619.6328244, 1650771622.1671848, 2.534360408782959], [30, 1650771626.6103077, 1650771628.878517, 2.268209218978882], [11, 1650771633.5699139, 1650771634.5442023, 0.9742884635925293]], "vi_time": [[30, 1650771615.245803, 1650771615.2458034, 2.384185791015625e-07], [30, 1650771622.167186, 1650771622.1671863, 2.384185791015625e-07], [30, 1650771628.8785186, 1650771628.8785188, 2.384185791015625e-07], [11, 1650771634.5442038, 1650771634.5442038, 0.0]], "input_resolution": 27270, "PSNR": 39.09138967944829, "LPIPS": 0.037998802959918976, "tOF": 0.047542471438646317}, "vid2": {"total_time_taken": 1.7337477207183838, "total_frames": 90, "individual_fps": [50.57662092109341, 52.312209163826125, 52.89994009143938], "average_fps": 51.910666658415686, "vsr_time": [[30, 1650771805.333005, 1650771805.9261627, 0.5931577682495117], [30, 1650771807.3528361, 1650771807.9263132, 0.573477029800415], [30, 1650771809.3424683, 1650771809.9095747, 0.5671064853668213]], "vi_time": [[30, 1650771805.9261634, 1650771805.9261634, 0.0], [30, 1650771807.9263146, 1650771807.9263148, 2.384185791015625e-07], [30, 1650771809.9095757, 1650771809.9095757, 0.0]], "input_resolution": 14040, "PSNR": 35.482665651439355, "LPIPS": 0.03564361110329628, "tOF": 0.17441333830356598}}}