{"Experiment1": {"01": {"total_time_taken": 21.206615924835205, "total_frames": 1200, "individual_fps": [56.59925816654185, 56.546720689692364], "average_fps": 56.58611464711219, "vsr_time": [[900, 1650924658.5475152, 1650924661.0540943, 2.5065791606903076], [300, 1650924674.450588, 1650924675.330348, 0.8797600269317627]], "vi_time": [[900, 1650924661.0540948, 1650924674.4487824, 13.39468765258789], [300, 1650924675.3303487, 1650924679.7559345, 4.425585746765137]], "input_resolution": 54000}}}