{"Experiment1": {"01": {"total_time_taken": 21.150929927825928, "total_frames": 1200, "individual_fps": [56.61264861430349, 56.90741034910396], "average_fps": 56.735094111455275, "vsr_time": [[700, 1650924576.8676665, 1650924578.906956, 2.0392894744873047], [500, 1650924589.2344487, 1650924590.6487317, 1.414283037185669]], "vi_time": [[700, 1650924578.906957, 1650924589.2323928, 10.325435876846313], [500, 1650924590.648733, 1650924598.0206497, 7.371916770935059]], "input_resolution": 54000}}}