{"Experiment1": {"01": {"total_time_taken": 1.5006890296936035, "total_frames": 1200, "individual_fps": [52.4399270970309, 54.20704517734106], "average_fps": 799.6326862234774, "vsr_time": [[40, 1650924340.0116982, 1650924340.1859438, 0.17424559593200684], [40, 1650924340.7748802, 1650924340.9369211, 0.16204094886779785]], "vi_time": [[40, 1650924340.1859443, 1650924340.7744741, 0.5885298252105713], [40, 1650924340.9369218, 1650924341.5127902, 0.5758683681488037]], "input_resolution": 54000}}}