{"Experiment1": {"01": {"total_time_taken": 3.525843620300293, "total_frames": 1200, "individual_fps": [56.42310440719408, 57.02814870731969], "average_fps": 340.3440790995141, "vsr_time": [[100, 1650924382.2467356, 1650924382.5974333, 0.35069775581359863], [100, 1650924384.019643, 1650924384.3251605, 0.30551743507385254]], "vi_time": [[100, 1650924382.5974338, 1650924384.019058, 1.4216241836547852], [100, 1650924384.325161, 1650924385.773162, 1.4480009078979492]], "input_resolution": 54000}}}