{"VidCatAnimation": {"01": {"total_time_taken": 15.421038627624512, "total_frames": 97, "individual_fps": [4.160696721160238, 13.808013612149287], "average_fps": 6.2901081011650435, "vsr_time": [[50, 1650378343.710543, 1650378352.5001063, 8.789563417434692], [47, 1650378361.3225706, 1650378362.8331273, 1.510556697845459]], "vi_time": [[50, 1650378352.5001078, 1650378355.727758, 3.2276501655578613], [47, 1650378362.8331285, 1650378364.726389, 1.8932604789733887]], "input_resolution": 19788, "PSNR": 33.17483090964126, "LPIPS": 0.0842263251543045, "tOF": 2.3089306354522705}, "02": {"total_time_taken": 8.922130584716797, "total_frames": 96, "individual_fps": [10.753012137768456, 10.767108044208666], "average_fps": 10.759761817927618, "vsr_time": [[50, 1650378483.341456, 1650378485.4387264, 2.0972704887390137], [46, 1650378494.1558628, 1650378496.0929618, 1.9370989799499512]], "vi_time": [[50, 1650378485.4387271, 1650378487.991314, 2.552586793899536], [46, 1650378496.0929632, 1650378498.428126, 2.335162878036499]], "input_resolution": 25920, "PSNR": 35.04415571071224, "LPIPS": 0.04104836285114288, "tOF": 1.046116828918457}, "03": {"total_time_taken": 8.722710371017456, "total_frames": 96, "individual_fps": [11.179735960919286, 10.822681849767894], "average_fps": 11.005753477608833, "vsr_time": [[50, 1650378649.805046, 1650378651.7594054, 1.9543592929840088], [46, 1650378661.2083404, 1650378663.148872, 1.9405314922332764]], "vi_time": [[50, 1650378651.7594063, 1650378654.2774217, 2.5180153846740723], [46, 1650378663.1488729, 1650378665.4586718, 2.3097989559173584]], "input_resolution": 25920, "PSNR": 32.758006657609116, "LPIPS": 0.04395287111401558, "tOF": 1.3580234050750732}, "04": {"total_time_taken": 9.03788161277771, "total_frames": 101, "individual_fps": [11.22206913320963, 11.101140042033059, 12.76595019387985], "average_fps": 11.175185107227641, "vsr_time": [[50, 1650378822.6613302, 1650378824.59684, 1.9355096817016602], [50, 1650378833.6106906, 1650378835.5918581, 1.9811675548553467], [1, 1650378844.7930732, 1650378844.871311, 0.07823777198791504]], "vi_time": [[50, 1650378824.5968409, 1650378827.1168354, 2.5199944972991943], [50, 1650378835.591859, 1650378838.1147308, 2.522871732711792], [1, 1650378844.8713114, 1650378844.8714051, 9.369850158691406e-05]], "input_resolution": 27270, "PSNR": 35.60577151183234, "LPIPS": 0.029233455657958984, "tOF": 0.5896689891815186}, "05": {"total_time_taken": 9.579719543457031, "total_frames": 101, "individual_fps": [10.817533202442243, 10.246656824660748, 12.82818693418155], "average_fps": 10.543106146461586, "vsr_time": [[50, 1650379015.677872, 1650379017.7720282, 2.094156265258789], [50, 1650379026.9009228, 1650379029.257909, 2.3569862842559814], [1, 1650379038.5438435, 1650379038.621737, 0.07789349555969238]], "vi_time": [[50, 1650379017.772029, 1650379020.2999961, 2.5279672145843506], [50, 1650379029.2579098, 1650379031.780562, 2.5226521492004395], [1, 1650379038.6217375, 1650379038.621796, 5.841255187988281e-05]], "input_resolution": 27270, "PSNR": 36.75082734408801, "LPIPS": 0.02533508837223053, "tOF": 1.284592866897583}, "06": {"total_time_taken": 2.2266900539398193, "total_frames": 97, "individual_fps": [43.33450219869981, 43.80752557131568], "average_fps": 43.56241670382995, "vsr_time": [[50, 1650379200.7961943, 1650379201.1887681, 0.39257383346557617], [47, 1650379203.479672, 1650379203.8236666, 0.3439946174621582]], "vi_time": [[50, 1650379201.1887689, 1650379201.9500072, 0.7612383365631104], [47, 1650379203.8236678, 1650379204.5525453, 0.7288775444030762]], "input_resolution": 9894, "PSNR": 33.33654129309812, "LPIPS": 0.09036298841238022, "tOF": 2.368136167526245}, "07": {"total_time_taken": 2.6149652004241943, "total_frames": 96, "individual_fps": [37.067958477704366, 36.332291598404026], "average_fps": 36.71176961912421, "vsr_time": [[50, 1650379232.763177, 1650379233.2631557, 0.49997878074645996], [46, 1650379235.9672797, 1650379236.4527175, 0.48543787002563477]], "vi_time": [[50, 1650379233.2631567, 1650379234.1120493, 0.8488926887512207], [46, 1650379236.4527183, 1650379237.2333694, 0.7806510925292969]], "input_resolution": 12960, "PSNR": 35.122778802527336, "LPIPS": 0.05900639295578003, "tOF": 0.9195992946624756}, "08": {"total_time_taken": 1.7937712669372559, "total_frames": 96, "individual_fps": [52.49034492942975, 54.68280129421661], "average_fps": 53.51852924030474, "vsr_time": [[50, 1650379273.4891572, 1650379273.7663329, 0.2771756649017334], [46, 1650379275.5498967, 1650379275.7783668, 0.2284700870513916]], "vi_time": [[50, 1650379273.7663336, 1650379274.441712, 0.6753783226013184], [46, 1650379275.7783675, 1650379276.3911104, 0.6127429008483887]], "input_resolution": 8640, "PSNR": 31.751147153139232, "LPIPS": 0.07614653557538986, "tOF": 1.2801674604415894}, "09": {"total_time_taken": 1.6845448017120361, "total_frames": 101, "individual_fps": [58.67168757702374, 60.70442128883195, 115.18383039490305], "average_fps": 59.95685000324818, "vsr_time": [[50, 1650379293.3039618, 1650379293.505231, 0.20126914978027344], [50, 1650379295.08901, 1650379295.2727008, 0.18369078636169434], [1, 1650379296.7908795, 1650379296.799502, 0.008622407913208008]], "vi_time": [[50, 1650379293.5052314, 1650379294.1561604, 0.6509289741516113], [50, 1650379295.2727013, 1650379295.9126713, 0.639970064163208], [1, 1650379296.7995024, 1650379296.7995598, 5.745887756347656e-05]], "input_resolution": 6868, "PSNR": 32.56116475283417, "LPIPS": 0.06125049293041229, "tOF": 0.22854505479335785}}}