{"VidCatText": {"01": {"total_time_taken": 10.884593486785889, "total_frames": 101, "individual_fps": [9.29140103507655, 8.199815449099923], "average_fps": 9.27917061143496, "vsr_time": [[100, 1650251531.2327993, 1650251535.6648617, 4.432062387466431], [1, 1650251556.784401, 1650251556.9062176, 0.12181663513183594]], "vi_time": [[100, 1650251535.6648626, 1650251541.995437, 6.33057427406311], [1, 1650251556.906219, 1650251556.906353, 0.00013399124145507812]]}, "vid2": {"total_time_taken": 2.588588237762451, "total_frames": 90, "individual_fps": [34.767986150549405], "average_fps": 34.767986150549405, "vsr_time": [[90, 1650251713.161213, 1650251714.0143127, 0.8530998229980469]], "vi_time": [[90, 1650251714.0143132, 1650251715.7497993, 1.7354860305786133]]}}}