{"VidCatAnimation": {"01": {"total_time_taken": 15.354360342025757, "total_frames": 97, "individual_fps": [3.645302014283177, 11.884067620940453, 16.74082341939487], "average_fps": 6.31742370501137, "vsr_time": [[40, 1650778503.9410508, 1650778514.9140756, 10.973024845123291], [40, 1650778523.4537563, 1650778526.8196034, 3.365847110748291], [17, 1650778531.4054747, 1650778532.4209466, 1.0154719352722168]], "vi_time": [[40, 1650778514.914077, 1650778514.9140773, 2.384185791015625e-07], [40, 1650778526.8196046, 1650778526.8196054, 7.152557373046875e-07], [17, 1650778532.4209478, 1650778532.420948, 2.384185791015625e-07]], "input_resolution": 19788, "PSNR": 39.95117874847841, "LPIPS": 0.022889181971549988, "tOF": 0.3909728527069092}, "02": {"total_time_taken": 8.65426516532898, "total_frames": 96, "individual_fps": [12.737196386105254, 9.745400691306369, 11.352700071676656], "average_fps": 11.092796230071453, "vsr_time": [[40, 1650778655.1939678, 1650778658.3343742, 3.140406370162964], [40, 1650778663.7349548, 1650778667.8394523, 4.10449743270874], [16, 1650778673.1405175, 1650778674.5498707, 1.409353256225586]], "vi_time": [[40, 1650778658.3343751, 1650778658.3343754, 2.384185791015625e-07], [40, 1650778667.8394535, 1650778667.8394537, 2.384185791015625e-07], [16, 1650778674.549872, 1650778674.5498722, 2.384185791015625e-07]], "input_resolution": 25920, "PSNR": 37.462587779746926, "LPIPS": 0.026746517047286034, "tOF": 0.17932575941085815}, "03": {"total_time_taken": 9.763113498687744, "total_frames": 96, "individual_fps": [13.522667041516803, 9.720632604159116, 5.947604712539537], "average_fps": 9.832928810353717, "vsr_time": [[40, 1650778829.561132, 1650778832.5191262, 2.957994222640991], [40, 1650778838.415539, 1650778842.530494, 4.114954948425293], [16, 1650778848.438335, 1650778851.1284902, 2.690155267715454]], "vi_time": [[40, 1650778832.5191271, 1650778832.5191274, 2.384185791015625e-07], [40, 1650778842.5304952, 1650778842.5304956, 4.76837158203125e-07], [16, 1650778851.1284919, 1650778851.1284919, 0.0]], "input_resolution": 25920, "PSNR": 37.84028540037704, "LPIPS": 0.02733997255563736, "tOF": 0.14267541468143463}, "04": {"total_time_taken": 8.012689352035522, "total_frames": 101, "individual_fps": [13.075699821897809, 12.299284954276162, 12.343080653020111], "average_fps": 12.60500632965912, "vsr_time": [[40, 1650779008.7416708, 1650779011.800778, 3.0591070652008057], [40, 1650779017.5364842, 1650779020.7887027, 3.25221848487854], [21, 1650779026.606345, 1650779028.3077002, 1.701355218887329]], "vi_time": [[40, 1650779011.800779, 1650779011.800779, 0.0], [40, 1650779020.788704, 1650779020.7887042, 2.384185791015625e-07], [21, 1650779028.3077016, 1650779028.307702, 4.76837158203125e-07]], "input_resolution": 27270, "PSNR": 37.15230169436959, "LPIPS": 0.025584060698747635, "tOF": 0.17172576487064362}, "05": {"total_time_taken": 8.221043586730957, "total_frames": 101, "individual_fps": [11.922727337977857, 12.38216064851368, 12.838912580330312], "average_fps": 12.285544886663468, "vsr_time": [[40, 1650779193.1056356, 1650779196.46057, 3.3549344539642334], [40, 1650779202.2618785, 1650779205.4923294, 3.2304508686065674], [21, 1650779211.435762, 1650779213.071412, 1.6356501579284668]], "vi_time": [[40, 1650779196.4605713, 1650779196.4605713, 0.0], [40, 1650779205.4923308, 1650779205.492331, 2.384185791015625e-07], [21, 1650779213.071413, 1650779213.071413, 0.0]], "input_resolution": 27270, "PSNR": 41.87942818899431, "LPIPS": 0.013554980978369713, "tOF": 0.4716257154941559}, "06": {"total_time_taken": 1.5019633769989014, "total_frames": 97, "individual_fps": [65.74306497378267, 66.95259663944354, 57.41370250394752], "average_fps": 64.58213394910956, "vsr_time": [[40, 1650779375.1277485, 1650779375.7361748, 0.6084263324737549], [40, 1650779377.4147174, 1650779378.0121524, 0.5974349975585938], [17, 1650779379.4482727, 1650779379.7443676, 0.2960948944091797]], "vi_time": [[40, 1650779375.7361758, 1650779375.7361765, 7.152557373046875e-07], [40, 1650779378.0121534, 1650779378.0121536, 2.384185791015625e-07], [17, 1650779379.7443683, 1650779379.7443683, 0.0]], "input_resolution": 9894, "PSNR": 38.85785230474044, "LPIPS": 0.03730064630508423, "tOF": 0.36593517661094666}, "07": {"total_time_taken": 1.9293017387390137, "total_frames": 96, "individual_fps": [51.20020312580586, 52.124782207773166, 42.03164796787227], "average_fps": 49.75893509676995, "vsr_time": [[40, 1650779410.9201403, 1650779411.701385, 0.7812447547912598], [40, 1650779413.3986812, 1650779414.1660683, 0.7673871517181396], [16, 1650779415.827181, 1650779416.2078443, 0.3806631565093994]], "vi_time": [[40, 1650779411.701386, 1650779411.701386, 0.0], [40, 1650779414.166069, 1650779414.166069, 0.0], [16, 1650779416.2078452, 1650779416.2078454, 2.384185791015625e-07]], "input_resolution": 12960, "PSNR": 36.5629181856745, "LPIPS": 0.05530546233057976, "tOF": 0.18617543578147888}, "08": {"total_time_taken": 1.0259573459625244, "total_frames": 96, "individual_fps": [91.99553215744484, 99.83359892604543, 83.99527385601282], "average_fps": 93.57114150777437, "vsr_time": [[40, 1650779456.3687882, 1650779456.8035898, 0.4348015785217285], [40, 1650779457.8008258, 1650779458.2014904, 0.4006645679473877], [16, 1650779459.1677353, 1650779459.3582203, 0.19048500061035156]], "vi_time": [[40, 1650779456.803591, 1650779456.803591, 0.0], [40, 1650779458.2014914, 1650779458.2014914, 0.0], [16, 1650779459.358221, 1650779459.3582213, 2.384185791015625e-07]], "input_resolution": 8640, "PSNR": 32.86423985236604, "LPIPS": 0.06964283436536789, "tOF": 0.3302251100540161}, "09": {"total_time_taken": 0.8220036029815674, "total_frames": 101, "individual_fps": [124.10486900251358, 126.70206555616559, 114.13397466464869], "average_fps": 122.87050766402155, "vsr_time": [[40, 1650779478.1878855, 1650779478.5101922, 0.32230663299560547], [40, 1650779479.2562249, 1650779479.571924, 0.31569910049438477], [21, 1650779480.4158754, 1650779480.5998673, 0.1839919090270996]], "vi_time": [[40, 1650779478.5101929, 1650779478.5101929, 0.0], [40, 1650779479.5719244, 1650779479.5719247, 2.384185791015625e-07], [21, 1650779480.599868, 1650779480.5998683, 2.384185791015625e-07]], "input_resolution": 6868, "PSNR": 31.975442725668703, "LPIPS": 0.07242749631404877, "tOF": 0.1540050506591797}}}