{"VidCatAnimation": {"01": {"total_time_taken": 15.229275465011597, "total_frames": 97, "individual_fps": [5.672874107063004, 15.083272251967877], "average_fps": 6.369311542289195, "vsr_time": [[80, 1650781574.9486997, 1650781589.0508885, 14.1021888256073], [17, 1650781599.721319, 1650781600.8483927, 1.1270737648010254]], "vi_time": [[80, 1650781589.0508895, 1650781589.0508897, 2.384185791015625e-07], [17, 1650781600.8483937, 1650781600.848394, 2.384185791015625e-07]], "input_resolution": 19788, "PSNR": 39.97023296210825, "LPIPS": 0.022761870175600052, "tOF": 0.3899378478527069}, "02": {"total_time_taken": 8.868855476379395, "total_frames": 96, "individual_fps": [10.645746608794028, 11.815816630070644], "average_fps": 10.82439557795014, "vsr_time": [[80, 1650781721.7065938, 1650781729.2213304, 7.514736652374268], [16, 1650781739.9573781, 1650781741.3114924, 1.354114294052124]], "vi_time": [[80, 1650781729.221331, 1650781729.2213311, 2.384185791015625e-07], [16, 1650781741.3114934, 1650781741.3114936, 2.384185791015625e-07]], "input_resolution": 25920, "PSNR": 37.42369935925169, "LPIPS": 0.026914769783616066, "tOF": 0.17880046367645264}, "03": {"total_time_taken": 7.893418073654175, "total_frames": 96, "individual_fps": [12.112696952880468, 12.414858271014413], "average_fps": 12.162031594451934, "vsr_time": [[80, 1650781895.4533203, 1650781902.0579574, 6.604637145996094], [16, 1650781914.0494115, 1650781915.3381867, 1.2887752056121826]], "vi_time": [[80, 1650781902.0579581, 1650781902.0579586, 4.76837158203125e-07], [16, 1650781915.338188, 1650781915.3381882, 2.384185791015625e-07]], "input_resolution": 25920, "PSNR": 37.81316232169262, "LPIPS": 0.027452806010842323, "tOF": 0.14229287207126617}, "04": {"total_time_taken": 7.7514495849609375, "total_frames": 101, "individual_fps": [12.890215874338109, 13.590544059138976], "average_fps": 13.02982092484434, "vsr_time": [[80, 1650782072.4013972, 1650782078.6076527, 6.2062554359436035], [21, 1650782090.2114465, 1650782091.7566357, 1.5451891422271729]], "vi_time": [[80, 1650782078.6076536, 1650782078.6076539, 2.384185791015625e-07], [21, 1650782091.7566369, 1650782091.7566369, 0.0]], "input_resolution": 27270, "PSNR": 37.026849388466836, "LPIPS": 0.02601078525185585, "tOF": 0.17193053662776947}, "05": {"total_time_taken": 8.628867864608765, "total_frames": 101, "individual_fps": [11.384657707033107, 13.109702938820016], "average_fps": 11.704895889558204, "vsr_time": [[80, 1650782253.9747694, 1650782261.0017684, 7.026998996734619], [21, 1650782272.951619, 1650782274.5534828, 1.6018638610839844]], "vi_time": [[80, 1650782261.001769, 1650782261.0017693, 2.384185791015625e-07], [21, 1650782274.5534837, 1650782274.553484, 2.384185791015625e-07]], "input_resolution": 27270, "PSNR": 41.721511657252684, "LPIPS": 0.01407217513769865, "tOF": 0.4833582639694214}, "06": {"total_time_taken": 1.502354383468628, "total_frames": 97, "individual_fps": [69.04748254852183, 49.45722105771325], "average_fps": 64.56532564310619, "vsr_time": [[80, 1650782436.085783, 1650782437.2444036, 1.1586205959320068], [17, 1650782440.060641, 1650782440.4043705, 0.34372949600219727]], "vi_time": [[80, 1650782437.2444048, 1650782437.244405, 2.384185791015625e-07], [17, 1650782440.4043713, 1650782440.4043715, 2.384185791015625e-07]], "input_resolution": 9894, "PSNR": 38.88644290227153, "LPIPS": 0.037087567150592804, "tOF": 0.3642101585865021}, "07": {"total_time_taken": 1.8256447315216064, "total_frames": 96, "individual_fps": [55.886236979643776, 40.5921092346041], "average_fps": 52.58416292198734, "vsr_time": [[80, 1650782471.8026655, 1650782473.2341433, 1.4314777851104736], [16, 1650782476.580933, 1650782476.9750962, 0.3941631317138672]], "vi_time": [[80, 1650782473.2341437, 1650782473.234144, 2.384185791015625e-07], [16, 1650782476.9750972, 1650782476.9750972, 0.0]], "input_resolution": 12960, "PSNR": 36.489384381147744, "LPIPS": 0.05652862787246704, "tOF": 0.18501338362693787}, "08": {"total_time_taken": 1.0027704238891602, "total_frames": 96, "individual_fps": [101.04620047206886, 75.81020806080282], "average_fps": 95.73477409482435, "vsr_time": [[80, 1650782517.1728485, 1650782517.9645631, 0.7917146682739258], [16, 1650782519.9725108, 1650782520.183562, 0.21105122566223145]], "vi_time": [[80, 1650782517.9645643, 1650782517.9645646, 2.384185791015625e-07], [16, 1650782520.1835628, 1650782520.183563, 2.384185791015625e-07]], "input_resolution": 8640, "PSNR": 32.835419179354325, "LPIPS": 0.06968442350625992, "tOF": 0.33013150095939636}, "09": {"total_time_taken": 0.780472993850708, "total_frames": 101, "individual_fps": [136.0321244762644, 109.16087774481153], "average_fps": 129.4087057409698, "vsr_time": [[80, 1650782539.130753, 1650782539.7188473, 0.5880942344665527], [21, 1650782541.2325652, 1650782541.4249399, 0.19237470626831055]], "vi_time": [[80, 1650782539.718848, 1650782539.7188482, 2.384185791015625e-07], [21, 1650782541.4249408, 1650782541.4249408, 0.0]], "input_resolution": 6868, "PSNR": 31.386313781747397, "LPIPS": 0.0942014753818512, "tOF": 0.16320687532424927}}}