{"VidCatAnimation": {"01": {"total_time_taken": 15.794378995895386, "total_frames": 97, "individual_fps": [2.3861175118091174, 2.5657941783939453, 6.035026226863992, 5.454447093877313, 12.847362101497218, 14.247169454978268, 13.787220166670611, 13.954188731195732, 13.940599535280555, 12.149640209174843], "average_fps": 6.141425378307573, "vsr_time": [[10, 1650775141.5682132, 1650775145.759108, 4.190894842147827], [10, 1650775151.020229, 1650775154.9176548, 3.897425651550293], [10, 1650775157.528084, 1650775159.1850736, 1.656989574432373], [10, 1650775160.603393, 1650775162.4367557, 1.8333625793457031], [10, 1650775163.6974733, 1650775164.47584, 0.7783668041229248], [10, 1650775165.642807, 1650775166.344698, 0.7018909454345703], [10, 1650775167.511061, 1650775168.2363677, 0.7253067493438721], [10, 1650775169.3919306, 1650775170.1085594, 0.7166287899017334], [10, 1650775171.2625062, 1650775171.9798336, 0.717327356338501], [7, 1650775173.1526704, 1650775173.728817, 0.5761466026306152]], "vi_time": [[10, 1650775145.759109, 1650775145.7591093, 2.384185791015625e-07], [10, 1650775154.917656, 1650775154.9176564, 4.76837158203125e-07], [10, 1650775159.1850755, 1650775159.1850758, 2.384185791015625e-07], [10, 1650775162.4367573, 1650775162.4367576, 2.384185791015625e-07], [10, 1650775164.475841, 1650775164.4758413, 2.384185791015625e-07], [10, 1650775166.3446994, 1650775166.3446994, 0.0], [10, 1650775168.236369, 1650775168.2363691, 2.384185791015625e-07], [10, 1650775170.1085603, 1650775170.1085606, 2.384185791015625e-07], [10, 1650775171.9798346, 1650775171.9798348, 2.384185791015625e-07], [7, 1650775173.728818, 1650775173.7288182, 2.384185791015625e-07]], "input_resolution": 19788, "PSNR": 39.962383391852256, "LPIPS": 0.022656112909317017, "tOF": 0.3870241641998291}, "02": {"total_time_taken": 9.633957386016846, "total_frames": 96, "individual_fps": [9.70559739129489, 11.008761488610537, 10.023019730822327, 10.519245387880972, 8.73567096607977, 10.32687076638835, 10.390005707400595, 10.416712819078736, 11.152945956539105, 7.3642010008430585], "average_fps": 9.964752401680608, "vsr_time": [[10, 1650775305.3910234, 1650775306.421354, 1.0303306579589844], [10, 1650775307.7878425, 1650775308.6962068, 0.9083642959594727], [10, 1650775310.021321, 1650775311.019021, 0.9976999759674072], [10, 1650775312.3640473, 1650775313.3146837, 0.9506363868713379], [10, 1650775314.6523116, 1650775315.7970407, 1.1447291374206543], [10, 1650775317.1349423, 1650775318.103286, 0.9683437347412109], [10, 1650775319.4386935, 1650775320.4011548, 0.9624612331390381], [10, 1650775321.7626474, 1650775322.722639, 0.9599916934967041], [10, 1650775324.0673227, 1650775324.9639442, 0.8966214656829834], [6, 1650775326.288132, 1650775327.102882, 0.8147499561309814]], "vi_time": [[10, 1650775306.4213552, 1650775306.4213557, 4.76837158203125e-07], [10, 1650775308.6962078, 1650775308.6962078, 0.0], [10, 1650775311.0190222, 1650775311.0190222, 0.0], [10, 1650775313.3146846, 1650775313.3146849, 2.384185791015625e-07], [10, 1650775315.797042, 1650775315.7970421, 2.384185791015625e-07], [10, 1650775318.1032875, 1650775318.1032877, 2.384185791015625e-07], [10, 1650775320.401156, 1650775320.401156, 0.0], [10, 1650775322.722641, 1650775322.7226415, 4.76837158203125e-07], [10, 1650775324.963945, 1650775324.9639452, 2.384185791015625e-07], [6, 1650775327.1028829, 1650775327.1028829, 0.0]], "input_resolution": 25920, "PSNR": 37.61976347024575, "LPIPS": 0.025931917130947113, "tOF": 0.18482081592082977}, "03": {"total_time_taken": 10.24884295463562, "total_frames": 96, "individual_fps": [9.835662079212378, 10.195903216435752, 9.918090643453931, 9.97999149596939, 10.011882579679881, 9.338809448212997, 8.229137196104137, 8.491432453870408, 9.869719265194536, 7.838836432684619], "average_fps": 9.36691101863148, "vsr_time": [[10, 1650775517.372851, 1650775518.389557, 1.0167059898376465], [10, 1650775519.9292114, 1650775520.909995, 0.9807837009429932], [10, 1650775522.4175794, 1650775523.4258354, 1.008255958557129], [10, 1650775524.9411917, 1650775525.9431934, 1.0020017623901367], [10, 1650775527.4472597, 1650775528.4460702, 0.9988105297088623], [10, 1650775529.9539533, 1650775531.024751, 1.0707976818084717], [10, 1650775532.5262794, 1650775533.741471, 1.2151916027069092], [10, 1650775535.249432, 1650775536.427087, 1.1776549816131592], [10, 1650775537.915465, 1650775538.9286628, 1.013197660446167], [6, 1650775540.4801629, 1650775541.2455804, 0.7654175758361816]], "vi_time": [[10, 1650775518.389558, 1650775518.3895583, 2.384185791015625e-07], [10, 1650775520.909996, 1650775520.9099963, 2.384185791015625e-07], [10, 1650775523.425836, 1650775523.4258363, 2.384185791015625e-07], [10, 1650775525.9431946, 1650775525.9431946, 0.0], [10, 1650775528.4460711, 1650775528.4460714, 2.384185791015625e-07], [10, 1650775531.0247524, 1650775531.0247524, 0.0], [10, 1650775533.7414725, 1650775533.7414725, 0.0], [10, 1650775536.4270885, 1650775536.4270885, 0.0], [10, 1650775538.9286635, 1650775538.9286637, 2.384185791015625e-07], [6, 1650775541.2455814, 1650775541.2455814, 0.0]], "input_resolution": 25920, "PSNR": 37.83136581769306, "LPIPS": 0.026176786050200462, "tOF": 0.14754542708396912}, "04": {"total_time_taken": 9.862271308898926, "total_frames": 101, "individual_fps": [9.951064430488763, 11.118352567254663, 10.688989762351591, 8.655650394851891, 10.324326253616883, 10.212996398682195, 10.88088858819159, 10.466266578497548, 10.81275668446234, 9.464423320147132, 15.763615521939302], "average_fps": 10.241048622224138, "vsr_time": [[10, 1650775716.283785, 1650775717.2886999, 1.0049147605895996], [10, 1650775718.7585528, 1650775719.6579642, 0.8994114398956299], [10, 1650775721.125518, 1650775722.0610578, 0.935539722442627], [10, 1650775723.5513856, 1650775724.7066977, 1.1553120613098145], [10, 1650775726.2540867, 1650775727.2226703, 0.9685835838317871], [10, 1650775728.788363, 1650775729.7675052, 0.9791421890258789], [10, 1650775731.3507135, 1650775732.269754, 0.9190404415130615], [10, 1650775733.9135137, 1650775734.868962, 0.9554483890533447], [10, 1650775736.3812277, 1650775737.3060586, 0.9248309135437012], [10, 1650775738.7697592, 1650775739.8263452, 1.0565860271453857], [1, 1650775741.2744126, 1650775741.3378468, 0.06343412399291992]], "vi_time": [[10, 1650775717.2887008, 1650775717.2887013, 4.76837158203125e-07], [10, 1650775719.6579654, 1650775719.6579654, 0.0], [10, 1650775722.061059, 1650775722.061059, 0.0], [10, 1650775724.7066987, 1650775724.706699, 2.384185791015625e-07], [10, 1650775727.2226713, 1650775727.2226715, 2.384185791015625e-07], [10, 1650775729.7675061, 1650775729.7675064, 2.384185791015625e-07], [10, 1650775732.269755, 1650775732.269755, 0.0], [10, 1650775734.868963, 1650775734.868963, 0.0], [10, 1650775737.3060598, 1650775737.30606, 2.384185791015625e-07], [10, 1650775739.8263462, 1650775739.8263462, 0.0], [1, 1650775741.3378477, 1650775741.337848, 2.384185791015625e-07]], "input_resolution": 27270, "PSNR": 37.51012763169528, "LPIPS": 0.023803045973181725, "tOF": 0.17411166429519653}, "05": {"total_time_taken": 9.626096248626709, "total_frames": 101, "individual_fps": [10.617926641874735, 10.66261276090557, 10.682643795817873, 10.658960107527237, 11.05987536524081, 11.068794937330196, 11.069516486683497, 8.154673257332258, 10.529613206602196, 10.820045299528946, 16.40283763384512], "average_fps": 10.49231146160719,