{"VidCatText": {"01": {"total_time_taken": 8.1815505027771, "total_frames": 101, "individual_fps": [12.425868653097321, 7.472534990450671], "average_fps": 12.344848322541935, "vsr_time": [[100, 1650772892.823464, 1650772900.871179, 8.047715187072754], [1, 1650772915.9700298, 1650772916.1038496, 0.1338198184967041]], "vi_time": [[100, 1650772900.8711803, 1650772900.8711803, 0.0], [1, 1650772916.1038508, 1650772916.1038513, 4.76837158203125e-07]], "input_resolution": 27270, "PSNR": 37.65524012073711, "LPIPS": 0.12013784050941467, "tOF": 0.0562831275165081}, "vid2": {"total_time_taken": 1.6629462242126465, "total_frames": 90, "individual_fps": [54.12081202001118], "average_fps": 54.12081202001118, "vsr_time": [[90, 1650773076.2972329, 1650773077.9601772, 1.6629443168640137]], "vi_time": [[90, 1650773077.960178, 1650773077.9601781, 2.384185791015625e-07]], "input_resolution": 14040, "PSNR": 35.460258659911084, "LPIPS": 0.03592142462730408, "tOF": 0.17556799948215485}}}