{"VidCatAnimation": {"01": {"total_time_taken": 17.84354877471924, "total_frames": 97, "individual_fps": [3.3969818198028032, 15.041923390472597], "average_fps": 5.436138361525355, "vsr_time": [[50, 1650779529.4286835, 1650779544.1476142, 14.718930721282959], [47, 1650779551.1455715, 1650779554.2701683, 3.1245968341827393]], "vi_time": [[50, 1650779544.147616, 1650779544.1476161, 2.384185791015625e-07], [47, 1650779554.2701702, 1650779554.2701705, 2.384185791015625e-07]], "input_resolution": 19788, "PSNR": 39.96264968159427, "LPIPS": 0.022807864472270012, "tOF": 0.38936248421669006}, "02": {"total_time_taken": 8.203300714492798, "total_frames": 96, "individual_fps": [10.606340837395136, 13.183766154963008], "average_fps": 11.702606467954599, "vsr_time": [[50, 1650779678.4963377, 1650779683.210496, 4.714158296585083], [46, 1650779689.9854383, 1650779693.474575, 3.4891366958618164]], "vi_time": [[50, 1650779683.2104974, 1650779683.2104976, 2.384185791015625e-07], [46, 1650779693.4745762, 1650779693.4745765, 2.384185791015625e-07]], "input_resolution": 25920, "PSNR": 37.38800401989251, "LPIPS": 0.02723066322505474, "tOF": 0.17860248684883118}, "03": {"total_time_taken": 8.220200777053833, "total_frames": 96, "individual_fps": [12.003469020130025, 11.34475193900324], "average_fps": 11.678546863232086, "vsr_time": [[50, 1650779857.6142805, 1650779861.7797363, 4.1654558181762695], [46, 1650779869.2443867, 1650779873.299122, 4.054735422134399]], "vi_time": [[50, 1650779861.7797418, 1650779861.7797418, 0.0], [46, 1650779873.2991233, 1650779873.2991235, 2.384185791015625e-07]], "input_resolution": 25920, "PSNR": 37.790411660669214, "LPIPS": 0.02751212753355503, "tOF": 0.14229951798915863}, "04": {"total_time_taken": 9.127740144729614, "total_frames": 101, "individual_fps": [9.627447097179303, 13.001625178348661, 11.288939847822986], "average_fps": 11.065170392511417, "vsr_time": [[50, 1650780034.9384284, 1650780040.1319096, 5.193481206893921], [50, 1650780047.3321414, 1650780051.1778116, 3.845670223236084], [1, 1650780058.53116, 1650780058.619739, 0.08857893943786621]], "vi_time": [[50, 1650780040.1319108, 1650780040.1319113, 4.76837158203125e-07], [50, 1650780051.177813, 1650780051.1778133, 2.384185791015625e-07], [1, 1650780058.6197402, 1650780058.6197405, 2.384185791015625e-07]], "input_resolution": 27270, "PSNR": 37.06241826918629, "LPIPS": 0.027070581912994385, "tOF": 0.17168168723583221}, "05": {"total_time_taken": 9.490268230438232, "total_frames": 101, "individual_fps": [12.937547513663176, 9.029219959923847, 11.36735523527148], "average_fps": 10.64248107087866, "vsr_time": [[50, 1650780218.2359693, 1650780222.1006873, 3.864717960357666], [50, 1650780229.389697, 1650780234.927268, 5.537570953369141], [1, 1650780242.4115775, 1650780242.4995449, 0.0879673957824707]], "vi_time": [[50, 1650780222.1006885, 1650780222.1006887, 2.384185791015625e-07], [50, 1650780234.9272716, 1650780234.9272718, 2.384185791015625e-07], [1, 1650780242.499546, 1650780242.4995463, 2.384185791015625e-07]], "input_resolution": 27270, "PSNR": 41.60133425892527, "LPIPS": 0.016537165269255638, "tOF": 0.48816370964050293}, "06": {"total_time_taken": 1.4686214923858643, "total_frames": 97, "individual_fps": [65.74282281163899, 66.37647445446196], "average_fps": 66.04833206030347, "vsr_time": [[50, 1650780402.1653585, 1650780402.925896, 0.7605373859405518], [47, 1650780404.6905415, 1650780405.3986216, 0.7080800533294678]], "vi_time": [[50, 1650780402.9258964, 1650780402.9258966, 2.384185791015625e-07], [47, 1650780405.3986223, 1650780405.3986225, 2.384185791015625e-07]], "input_resolution": 9894, "PSNR": 38.8772457293611, "LPIPS": 0.03705807402729988, "tOF": 0.36408767104148865}, "07": {"total_time_taken": 1.8704781532287598, "total_frames": 96, "individual_fps": [51.439628798119365, 51.19843754768226], "average_fps": 51.32377506483455, "vsr_time": [[50, 1650780437.9074311, 1650780438.8794427, 0.9720115661621094], [46, 1650780441.0586822, 1650780441.9571447, 0.8984625339508057]], "vi_time": [[50, 1650780438.8794434, 1650780438.8794434, 0.0], [46, 1650780441.9571457, 1650780441.957146, 2.384185791015625e-07]], "input_resolution": 12960, "PSNR": 36.21942098341961, "LPIPS": 0.05764567852020264, "tOF": 0.18458192050457}, "08": {"total_time_taken": 0.987844705581665, "total_frames": 96, "individual_fps": [95.52473761069727, 99.04825816679235], "average_fps": 97.18126691125308, "vsr_time": [[50, 1650780483.5656385, 1650780484.0890613, 0.5234227180480957], [46, 1650780485.3012152, 1650780485.7656336, 0.4644184112548828]], "vi_time": [[50, 1650780484.0890622, 1650780484.0890622, 0.0], [46, 1650780485.7656343, 1650780485.7656343, 0.0]], "input_resolution": 8640, "PSNR": 32.833128351496356, "LPIPS": 0.06951457262039185, "tOF": 0.3297145962715149}, "09": {"total_time_taken": 0.7921035289764404, "total_frames": 101, "individual_fps": [126.27938176361636, 129.07568321448397, 113.81173852874936], "average_fps": 127.50858480647426, "vsr_time": [[50, 1650780505.3618197, 1650780505.7577653, 0.39594554901123047], [50, 1650780506.7923784, 1650780507.179745, 0.38736653327941895], [1, 1650780508.2332065, 1650780508.2419906, 0.008784055709838867]], "vi_time": [[50, 1650780505.7577662, 1650780505.7577662, 0.0], [50, 1650780507.1797457, 1650780507.1797457, 0.0], [1, 1650780508.241992, 1650780508.2419922, 2.384185791015625e-07]], "input_resolution": 6868, "PSNR": 31.758412676738395, "LPIPS": 0.08402541279792786, "tOF": 0.15770438313484192}}}