{"VidCatText": {"01": {"total_time_taken": 9.336638927459717, "total_frames": 101, "individual_fps": [12.426271393324312, 9.201006750590336, 11.86238241875455], "average_fps": 10.81759729434881, "vsr_time": [[40, 1650771875.4856179, 1650771878.7045941, 3.2189762592315674], [40, 1650771884.5725074, 1650771888.9198546, 4.347347259521484], [21, 1650771894.8900378, 1650771896.6603355, 1.7702977657318115]], "vi_time": [[40, 1650771878.704595, 1650771878.7045958, 7.152557373046875e-07], [40, 1650771888.9198558, 1650771888.9198563, 4.76837158203125e-07], [21, 1650771896.6603372, 1650771896.6603374, 2.384185791015625e-07]], "input_resolution": 27270, "PSNR": 38.94627390089289, "LPIPS": 0.0467374213039875, "tOF": 0.048152875155210495}, "vid2": {"total_time_taken": 1.8304150104522705, "total_frames": 90, "individual_fps": [51.71046090049694, 51.699784569028665, 35.31328799797262], "average_fps": 49.16917720083722, "vsr_time": [[40, 1650772058.8924596, 1650772059.6659944, 0.7735347747802734], [40, 1650772061.5594866, 1650772062.333182, 0.7736954689025879], [10, 1650772064.1546574, 1650772064.4378347, 0.28317737579345703]], "vi_time": [[40, 1650772059.6659956, 1650772059.6659958, 2.384185791015625e-07], [40, 1650772062.333183, 1650772062.3331833, 2.384185791015625e-07], [10, 1650772064.4378355, 1650772064.4378355, 0.0]], "input_resolution": 14040, "PSNR": 35.424391744889014, "LPIPS": 0.03618967905640602, "tOF": 0.17667676508426666}}}