{"VidCatText": {"01": {"total_time_taken": 9.0229012966156, "total_frames": 101, "individual_fps": [11.382937524035011, 10.527168114484606], "average_fps": 11.19373876314973, "vsr_time": [[80, 1650772637.7413857, 1650772644.7694364, 7.028050661087036], [21, 1650772656.7376845, 1650772658.7325196, 1.9948351383209229]], "vi_time": [[80, 1650772644.769438, 1650772644.7694383, 2.384185791015625e-07], [21, 1650772658.732521, 1650772658.7325213, 2.384185791015625e-07]], "input_resolution": 27270, "PSNR": 38.331946936558474, "LPIPS": 0.08642362058162689, "tOF": 0.05195579677820206}, "vid2": {"total_time_taken": 1.7795701026916504, "total_frames": 90, "individual_fps": [53.90069317898514, 33.85708727456479], "average_fps": 50.57401215263869, "vsr_time": [[80, 1650772822.1861575, 1650772823.6703663, 1.4842088222503662], [10, 1650772827.2257562, 1650772827.521112, 0.29535579681396484]], "vi_time": [[80, 1650772823.6703672, 1650772823.6703677, 4.76837158203125e-07], [10, 1650772827.5211132, 1650772827.5211132, 0.0]], "input_resolution": 14040, "PSNR": 35.47046051657294, "LPIPS": 0.03582144156098366, "tOF": 0.17529961466789246}}}