{"VidCatText": {"01": {"total_time_taken": 9.11193037033081, "total_frames": 101, "individual_fps": [10.938697555824259, 11.251367757591105, 10.29886141251636], "average_fps": 11.08436916165034, "vsr_time": [[50, 1650772129.529644, 1650772134.100562, 4.570918083190918], [50, 1650772141.4996958, 1650772145.9435961, 4.4439003467559814], [1, 1650772153.4106364, 1650772153.5077302, 0.09709382057189941]], "vi_time": [[50, 1650772134.1005635, 1650772134.100566, 2.384185791015625e-06], [50, 1650772145.9435976, 1650772145.9435978, 2.384185791015625e-07], [1, 1650772153.5077312, 1650772153.5077317, 4.76837158203125e-07]], "input_resolution": 27270, "PSNR": 38.708986165942655, "LPIPS": 0.058182187378406525, "tOF": 0.04934753477573395}, "vid2": {"total_time_taken": 1.7273776531219482, "total_frames": 90, "individual_fps": [53.32165782994802, 50.65391835938608], "average_fps": 52.10209813548297, "vsr_time": [[50, 1650772313.2440937, 1650772314.1817973, 0.9377036094665527], [40, 1650772316.4678054, 1650772317.2574756, 0.7896702289581299]], "vi_time": [[50, 1650772314.1817982, 1650772314.1817985, 2.384185791015625e-07], [40, 1650772317.2574766, 1650772317.2574766, 0.0]], "input_resolution": 14040, "PSNR": 35.476013253183766, "LPIPS": 0.03572806715965271, "tOF": 0.17489352822303772}}}